<annotation>
	<folder>my-project-name</folder>
	<filename>108.jpg</filename>
	<path>/my-project-name/108.jpg</path>
	<source>
		<database>Unspecified</database>
	</source>
	<size>
		<width>1000</width>
		<height>1000</height>
		<depth>3</depth>
	</size>
	<object>
		<name>MountainBike</name>
		<pose>Unspecified</pose>
		<truncated>Unspecified</truncated>
		<difficult>Unspecified</difficult>
		<bndbox>
			<xmin>1</xmin>
			<ymin>216</ymin>
			<xmax>1001</xmax>
			<ymax>805</ymax>
		</bndbox>
	</object>
</annotation>