<annotation>
	<folder>my-project-name</folder>
	<filename>114.jpg</filename>
	<path>/my-project-name/114.jpg</path>
	<source>
		<database>Unspecified</database>
	</source>
	<size>
		<width>1000</width>
		<height>1000</height>
		<depth>3</depth>
	</size>
	<object>
		<name>MountainBike</name>
		<pose>Unspecified</pose>
		<truncated>Unspecified</truncated>
		<difficult>Unspecified</difficult>
		<bndbox>
			<xmin>396</xmin>
			<ymin>156</ymin>
			<xmax>1000</xmax>
			<ymax>693</ymax>
		</bndbox>
	</object>
	<object>
		<name>MountainBike</name>
		<pose>Unspecified</pose>
		<truncated>Unspecified</truncated>
		<difficult>Unspecified</difficult>
		<bndbox>
			<xmin>0</xmin>
			<ymin>158</ymin>
			<xmax>479</xmax>
			<ymax>641</ymax>
		</bndbox>
	</object>
</annotation>