<annotation>
	<folder>my-project-name</folder>
	<filename>117.jpg</filename>
	<path>/my-project-name/117.jpg</path>
	<source>
		<database>Unspecified</database>
	</source>
	<size>
		<width>1000</width>
		<height>1000</height>
		<depth>3</depth>
	</size>
	<object>
		<name>MountainBike</name>
		<pose>Unspecified</pose>
		<truncated>Unspecified</truncated>
		<difficult>Unspecified</difficult>
		<bndbox>
			<xmin>410</xmin>
			<ymin>402</ymin>
			<xmax>778</xmax>
			<ymax>836</ymax>
		</bndbox>
	</object>


	<object>
		<name>MountainBike</name>
		<pose>Unspecified</pose>
		<truncated>Unspecified</truncated>
		<difficult>Unspecified</difficult>
		<bndbox>
			<xmin>11</xmin>
			<ymin>543</ymin>
			<xmax>153</xmax>
			<ymax>739</ymax>
		</bndbox>
	</object>
</annotation>