<annotation>
	<folder>my-project-name</folder>
	<filename>118.jpg</filename>
	<path>/my-project-name/118.jpg</path>
	<source>
		<database>Unspecified</database>
	</source>
	<size>
		<width>1000</width>
		<height>1000</height>
		<depth>3</depth>
	</size>
	<object>
		<name>MountainBike</name>
		<pose>Unspecified</pose>
		<truncated>Unspecified</truncated>
		<difficult>Unspecified</difficult>
		<bndbox>
			<xmin>265</xmin>
			<ymin>485</ymin>
			<xmax>709</xmax>
			<ymax>827</ymax>
		</bndbox>
	</object>


	<object>
		<name>MountainBike</name>
		<pose>Unspecified</pose>
		<truncated>Unspecified</truncated>
		<difficult>Unspecified</difficult>
		<bndbox>
			<xmin>628</xmin>
			<ymin>497</ymin>
			<xmax>827</xmax>
			<ymax>820</ymax>
		</bndbox>
	</object>
</annotation>