<annotation>
	<folder>my-project-name</folder>
	<filename>126.jpg</filename>
	<path>/my-project-name/126.jpg</path>
	<source>
		<database>Unspecified</database>
	</source>
	<size>
		<width>1000</width>
		<height>1000</height>
		<depth>3</depth>
	</size>

	<object>
		<name>MountainBike</name>
		<pose>Unspecified</pose>
		<truncated>Unspecified</truncated>
		<difficult>Unspecified</difficult>
		<bndbox>
			<xmin>176</xmin>
			<ymin>313</ymin>
			<xmax>1000</xmax>
			<ymax>842</ymax>
		</bndbox>
	</object>


</annotation>