<annotation>
	<folder>my-project-name</folder>
	<filename>127.jpg</filename>
	<path>/my-project-name/127.jpg</path>
	<source>
		<database>Unspecified</database>
	</source>
	<size>
		<width>1000</width>
		<height>1000</height>
		<depth>3</depth>
	</size>
	<object>
		<name>MountainBike</name>
		<pose>Unspecified</pose>
		<truncated>Unspecified</truncated>
		<difficult>Unspecified</difficult>
		<bndbox>
			<xmin>568</xmin>
			<ymin>437</ymin>
			<xmax>989</xmax>
			<ymax>683</ymax>
		</bndbox>
	</object>


	<object>
		<name>MountainBike</name>
		<pose>Unspecified</pose>
		<truncated>Unspecified</truncated>
		<difficult>Unspecified</difficult>
		<bndbox>
			<xmin>100</xmin>
			<ymin>427</ymin>
			<xmax>495</xmax>
			<ymax>631</ymax>
		</bndbox>
	</object>

</annotation>