<annotation>
	<folder>my-project-name</folder>
	<filename>137.jpg</filename>
	<path>/my-project-name/137.jpg</path>
	<source>
		<database>Unspecified</database>
	</source>
	<size>
		<width>1000</width>
		<height>1000</height>
		<depth>3</depth>
	</size>
	<object>
		<name>MountainBike</name>
		<pose>Unspecified</pose>
		<truncated>Unspecified</truncated>
		<difficult>Unspecified</difficult>
		<bndbox>
			<xmin>3</xmin>
			<ymin>152</ymin>
			<xmax>605</xmax>
			<ymax>820</ymax>
		</bndbox>
	</object>
	<object>
		<name>MountainBike</name>
		<pose>Unspecified</pose>
		<truncated>Unspecified</truncated>
		<difficult>Unspecified</difficult>
		<bndbox>
			<xmin>584</xmin>
			<ymin>428</ymin>
			<xmax>717</xmax>
			<ymax>597</ymax>
		</bndbox>
	</object>
</annotation>