<annotation>
	<folder>my-project-name</folder>
	<filename>140.jpg</filename>
	<path>/my-project-name/140.jpg</path>
	<source>
		<database>Unspecified</database>
	</source>
	<size>
		<width>1000</width>
		<height>1000</height>
		<depth>3</depth>
	</size>

	<object>
		<name>MountainBike</name>
		<pose>Unspecified</pose>
		<truncated>Unspecified</truncated>
		<difficult>Unspecified</difficult>
		<bndbox>
			<xmin>435</xmin>
			<ymin>400</ymin>
			<xmax>529</xmax>
			<ymax>533</ymax>
		</bndbox>
	</object>
	<object>
		<name>MountainBike</name>
		<pose>Unspecified</pose>
		<truncated>Unspecified</truncated>
		<difficult>Unspecified</difficult>
		<bndbox>
			<xmin>359</xmin>
			<ymin>342</ymin>
			<xmax>438</xmax>
			<ymax>455</ymax>
		</bndbox>
	</object>
</annotation>