<annotation>
	<folder>my-project-name</folder>
	<filename>141.jpg</filename>
	<path>/my-project-name/141.jpg</path>
	<source>
		<database>Unspecified</database>
	</source>
	<size>
		<width>1000</width>
		<height>1000</height>
		<depth>3</depth>
	</size>


	<object>
		<name>MountainBike</name>
		<pose>Unspecified</pose>
		<truncated>Unspecified</truncated>
		<difficult>Unspecified</difficult>
		<bndbox>
			<xmin>165</xmin>
			<ymin>440</ymin>
			<xmax>378</xmax>
			<ymax>755</ymax>
		</bndbox>
	</object>
	<object>
		<name>MountainBike</name>
		<pose>Unspecified</pose>
		<truncated>Unspecified</truncated>
		<difficult>Unspecified</difficult>
		<bndbox>
			<xmin>491</xmin>
			<ymin>440</ymin>
			<xmax>729</xmax>
			<ymax>763</ymax>
		</bndbox>
	</object>
	<object>
		<name>MountainBike</name>
		<pose>Unspecified</pose>
		<truncated>Unspecified</truncated>
		<difficult>Unspecified</difficult>
		<bndbox>
			<xmin>460</xmin>
			<ymin>499</ymin>
			<xmax>613</xmax>
			<ymax>747</ymax>
		</bndbox>
	</object>
</annotation>