<annotation>
	<folder>my-project-name</folder>
	<filename>144.jpg</filename>
	<path>/my-project-name/144.jpg</path>
	<source>
		<database>Unspecified</database>
	</source>
	<size>
		<width>1000</width>
		<height>1000</height>
		<depth>3</depth>
	</size>


	<object>
		<name>MountainBike</name>
		<pose>Unspecified</pose>
		<truncated>Unspecified</truncated>
		<difficult>Unspecified</difficult>
		<bndbox>
			<xmin>4</xmin>
			<ymin>238</ymin>
			<xmax>582</xmax>
			<ymax>826</ymax>
		</bndbox>
	</object>
	<object>
		<name>MountainBike</name>
		<pose>Unspecified</pose>
		<truncated>Unspecified</truncated>
		<difficult>Unspecified</difficult>
		<bndbox>
			<xmin>625</xmin>
			<ymin>410</ymin>
			<xmax>770</xmax>
			<ymax>642</ymax>
		</bndbox>
	</object>
</annotation>