<annotation>
	<folder>my-project-name</folder>
	<filename>439.jpg</filename>
	<path>/my-project-name/439.jpg</path>
	<source>
		<database>Unspecified</database>
	</source>
	<size>
		<width>1000</width>
		<height>1000</height>
		<depth>3</depth>
	</size>

	<object>
		<name>UrbanBike</name>
		<pose>Unspecified</pose>
		<truncated>Unspecified</truncated>
		<difficult>Unspecified</difficult>
		<bndbox>
			<xmin>5</xmin>
			<ymin>221</ymin>
			<xmax>977</xmax>
			<ymax>874</ymax>
		</bndbox>
	</object>
</annotation>