<annotation>
	<folder>my-project-name</folder>
	<filename>440.jpg</filename>
	<path>/my-project-name/440.jpg</path>
	<source>
		<database>Unspecified</database>
	</source>
	<size>
		<width>1000</width>
		<height>1000</height>
		<depth>3</depth>
	</size>
	<object>
		<name>UrbanBike</name>
		<pose>Unspecified</pose>
		<truncated>Unspecified</truncated>
		<difficult>Unspecified</difficult>
		<bndbox>
			<xmin>73</xmin>
			<ymin>100</ymin>
			<xmax>916</xmax>
			<ymax>843</ymax>
		</bndbox>
	</object>
</annotation>