<annotation>
	<folder>my-project-name</folder>
	<filename>443.jpg</filename>
	<path>/my-project-name/443.jpg</path>
	<source>
		<database>Unspecified</database>
	</source>
	<size>
		<width>1000</width>
		<height>1000</height>
		<depth>3</depth>
	</size>
	<object>
		<name>UrbanBike</name>
		<pose>Unspecified</pose>
		<truncated>Unspecified</truncated>
		<difficult>Unspecified</difficult>
		<bndbox>
			<xmin>318</xmin>
			<ymin>541</ymin>
			<xmax>737</xmax>
			<ymax>785</ymax>
		</bndbox>
	</object>

</annotation>