<annotation>
	<folder>my-project-name</folder>
	<filename>445.jpg</filename>
	<path>/my-project-name/445.jpg</path>
	<source>
		<database>Unspecified</database>
	</source>
	<size>
		<width>1000</width>
		<height>1000</height>
		<depth>3</depth>
	</size>
	<object>
		<name>UrbanBike</name>
		<pose>Unspecified</pose>
		<truncated>Unspecified</truncated>
		<difficult>Unspecified</difficult>
		<bndbox>
			<xmin>63</xmin>
			<ymin>196</ymin>
			<xmax>928</xmax>
			<ymax>713</ymax>
		</bndbox>
	</object>
</annotation>