<annotation>
	<folder>my-project-name</folder>
	<filename>457.jpg</filename>
	<path>/my-project-name/457.jpg</path>
	<source>
		<database>Unspecified</database>
	</source>
	<size>
		<width>1000</width>
		<height>1000</height>
		<depth>3</depth>
	</size>

	<object>
		<name>UrbanBike</name>
		<pose>Unspecified</pose>
		<truncated>Unspecified</truncated>
		<difficult>Unspecified</difficult>
		<bndbox>
			<xmin>231</xmin>
			<ymin>485</ymin>
			<xmax>692</xmax>
			<ymax>727</ymax>
		</bndbox>
	</object>
</annotation>