<annotation>
	<folder>my-project-name</folder>
	<filename>458.jpg</filename>
	<path>/my-project-name/458.jpg</path>
	<source>
		<database>Unspecified</database>
	</source>
	<size>
		<width>1000</width>
		<height>1000</height>
		<depth>3</depth>
	</size>

	<object>
		<name>UrbanBike</name>
		<pose>Unspecified</pose>
		<truncated>Unspecified</truncated>
		<difficult>Unspecified</difficult>
		<bndbox>
			<xmin>439</xmin>
			<ymin>440</ymin>
			<xmax>621</xmax>
			<ymax>681</ymax>
		</bndbox>
	</object>

</annotation>