<annotation>
	<folder>my-project-name</folder>
	<filename>462.jpg</filename>
	<path>/my-project-name/462.jpg</path>
	<source>
		<database>Unspecified</database>
	</source>
	<size>
		<width>1000</width>
		<height>1000</height>
		<depth>3</depth>
	</size>
	<object>
		<name>UrbanBike</name>
		<pose>Unspecified</pose>
		<truncated>Unspecified</truncated>
		<difficult>Unspecified</difficult>
		<bndbox>
			<xmin>564</xmin>
			<ymin>551</ymin>
			<xmax>665</xmax>
			<ymax>675</ymax>
		</bndbox>
	</object>




</annotation>