<annotation>
	<folder>my-project-name</folder>
	<filename>463.jpg</filename>
	<path>/my-project-name/463.jpg</path>
	<source>
		<database>Unspecified</database>
	</source>
	<size>
		<width>1000</width>
		<height>1000</height>
		<depth>3</depth>
	</size>
	<object>
		<name>UrbanBike</name>
		<pose>Unspecified</pose>
		<truncated>Unspecified</truncated>
		<difficult>Unspecified</difficult>
		<bndbox>
			<xmin>122</xmin>
			<ymin>218</ymin>
			<xmax>844</xmax>
			<ymax>835</ymax>
		</bndbox>
	</object>

</annotation>