<annotation>
	<folder>my-project-name</folder>
	<filename>471.jpg</filename>
	<path>/my-project-name/471.jpg</path>
	<source>
		<database>Unspecified</database>
	</source>
	<size>
		<width>1000</width>
		<height>1000</height>
		<depth>3</depth>
	</size>
	<object>
		<name>UrbanBike</name>
		<pose>Unspecified</pose>
		<truncated>Unspecified</truncated>
		<difficult>Unspecified</difficult>
		<bndbox>
			<xmin>378</xmin>
			<ymin>370</ymin>
			<xmax>672</xmax>
			<ymax>737</ymax>
		</bndbox>
	</object>


</annotation>