<annotation>
	<folder>my-project-name</folder>
	<filename>484.jpg</filename>
	<path>/my-project-name/484.jpg</path>
	<source>
		<database>Unspecified</database>
	</source>
	<size>
		<width>1000</width>
		<height>1000</height>
		<depth>3</depth>
	</size>

	<object>
		<name>UrbanBike</name>
		<pose>Unspecified</pose>
		<truncated>Unspecified</truncated>
		<difficult>Unspecified</difficult>
		<bndbox>
			<xmin>148</xmin>
			<ymin>400</ymin>
			<xmax>672</xmax>
			<ymax>793</ymax>
		</bndbox>
	</object>


</annotation>