<annotation>
	<folder>my-project-name</folder>
	<filename>489.jpg</filename>
	<path>/my-project-name/489.jpg</path>
	<source>
		<database>Unspecified</database>
	</source>
	<size>
		<width>1000</width>
		<height>1000</height>
		<depth>3</depth>
	</size>

	<object>
		<name>UrbanBike</name>
		<pose>Unspecified</pose>
		<truncated>Unspecified</truncated>
		<difficult>Unspecified</difficult>
		<bndbox>
			<xmin>318</xmin>
			<ymin>438</ymin>
			<xmax>755</xmax>
			<ymax>722</ymax>
		</bndbox>
	</object>
</annotation>