<annotation>
	<folder>my-project-name</folder>
	<filename>497.jpg</filename>
	<path>/my-project-name/497.jpg</path>
	<source>
		<database>Unspecified</database>
	</source>
	<size>
		<width>1000</width>
		<height>1000</height>
		<depth>3</depth>
	</size>



	<object>
		<name>UrbanBike</name>
		<pose>Unspecified</pose>
		<truncated>Unspecified</truncated>
		<difficult>Unspecified</difficult>
		<bndbox>
			<xmin>341</xmin>
			<ymin>429</ymin>
			<xmax>581</xmax>
			<ymax>808</ymax>
		</bndbox>
	</object>
</annotation>