<annotation>
	<folder>my-project-name</folder>
	<filename>498.jpg</filename>
	<path>/my-project-name/498.jpg</path>
	<source>
		<database>Unspecified</database>
	</source>
	<size>
		<width>1000</width>
		<height>1000</height>
		<depth>3</depth>
	</size>


	<object>
		<name>UrbanBike</name>
		<pose>Unspecified</pose>
		<truncated>Unspecified</truncated>
		<difficult>Unspecified</difficult>
		<bndbox>
			<xmin>446</xmin>
			<ymin>475</ymin>
			<xmax>630</xmax>
			<ymax>738</ymax>
		</bndbox>
	</object>



</annotation>