<annotation>
	<folder>my-project-name</folder>
	<filename>503.jpg</filename>
	<path>/my-project-name/503.jpg</path>
	<source>
		<database>Unspecified</database>
	</source>
	<size>
		<width>1000</width>
		<height>1000</height>
		<depth>3</depth>
	</size>
	<object>
		<name>UrbanBike</name>
		<pose>Unspecified</pose>
		<truncated>Unspecified</truncated>
		<difficult>Unspecified</difficult>
		<bndbox>
			<xmin>307</xmin>
			<ymin>490</ymin>
			<xmax>760</xmax>
			<ymax>837</ymax>
		</bndbox>
	</object>

</annotation>