<annotation>
	<folder>my-project-name</folder>
	<filename>511.jpg</filename>
	<path>/my-project-name/511.jpg</path>
	<source>
		<database>Unspecified</database>
	</source>
	<size>
		<width>1000</width>
		<height>1000</height>
		<depth>3</depth>
	</size>

	<object>
		<name>UrbanBike</name>
		<pose>Unspecified</pose>
		<truncated>Unspecified</truncated>
		<difficult>Unspecified</difficult>
		<bndbox>
			<xmin>450</xmin>
			<ymin>472</ymin>
			<xmax>574</xmax>
			<ymax>686</ymax>
		</bndbox>
	</object>
</annotation>