<annotation>
	<folder>my-project-name</folder>
	<filename>517.jpg</filename>
	<path>/my-project-name/517.jpg</path>
	<source>
		<database>Unspecified</database>
	</source>
	<size>
		<width>1000</width>
		<height>1000</height>
		<depth>3</depth>
	</size>

	<object>
		<name>UrbanBike</name>
		<pose>Unspecified</pose>
		<truncated>Unspecified</truncated>
		<difficult>Unspecified</difficult>
		<bndbox>
			<xmin>254</xmin>
			<ymin>417</ymin>
			<xmax>862</xmax>
			<ymax>813</ymax>
		</bndbox>
	</object>

</annotation>