<annotation>
	<folder>my-project-name</folder>
	<filename>519.jpg</filename>
	<path>/my-project-name/519.jpg</path>
	<source>
		<database>Unspecified</database>
	</source>
	<size>
		<width>1000</width>
		<height>1000</height>
		<depth>3</depth>
	</size>

	<object>
		<name>UrbanBike</name>
		<pose>Unspecified</pose>
		<truncated>Unspecified</truncated>
		<difficult>Unspecified</difficult>
		<bndbox>
			<xmin>267</xmin>
			<ymin>452</ymin>
			<xmax>905</xmax>
			<ymax>828</ymax>
		</bndbox>
	</object>
</annotation>