<annotation>
	<folder>my-project-name</folder>
	<filename>155.jpg</filename>
	<path>/my-project-name/155.jpg</path>
	<source>
		<database>Unspecified</database>
	</source>
	<size>
		<width>1000</width>
		<height>1000</height>
		<depth>3</depth>
	</size>
	<object>
		<name>UrbanBike</name>
		<pose>Unspecified</pose>
		<truncated>Unspecified</truncated>
		<difficult>Unspecified</difficult>
		<bndbox>
			<xmin>4</xmin>
			<ymin>136</ymin>
			<xmax>1007</xmax>
			<ymax>855</ymax>
		</bndbox>
	</object>
</annotation>