<annotation>
	<folder>my-project-name</folder>
	<filename>160.jpg</filename>
	<path>/my-project-name/160.jpg</path>
	<source>
		<database>Unspecified</database>
	</source>
	<size>
		<width>1000</width>
		<height>1000</height>
		<depth>3</depth>
	</size>
	<object>
		<name>UrbanBike</name>
		<pose>Unspecified</pose>
		<truncated>Unspecified</truncated>
		<difficult>Unspecified</difficult>
		<bndbox>
			<xmin>39</xmin>
			<ymin>57</ymin>
			<xmax>983</xmax>
			<ymax>896</ymax>
		</bndbox>
	</object>
</annotation>