<annotation>
	<folder>my-project-name</folder>
	<filename>164.jpg</filename>
	<path>/my-project-name/164.jpg</path>
	<source>
		<database>Unspecified</database>
	</source>
	<size>
		<width>1000</width>
		<height>1000</height>
		<depth>3</depth>
	</size>

	<object>
		<name>UrbanBike</name>
		<pose>Unspecified</pose>
		<truncated>Unspecified</truncated>
		<difficult>Unspecified</difficult>
		<bndbox>
			<xmin>596</xmin>
			<ymin>492</ymin>
			<xmax>886</xmax>
			<ymax>750</ymax>
		</bndbox>
	</object>


</annotation>