<annotation>
	<folder>my-project-name</folder>
	<filename>170.jpg</filename>
	<path>/my-project-name/170.jpg</path>
	<source>
		<database>Unspecified</database>
	</source>
	<size>
		<width>1000</width>
		<height>1000</height>
		<depth>3</depth>
	</size>





	<object>
		<name>UrbanBike</name>
		<pose>Unspecified</pose>
		<truncated>Unspecified</truncated>
		<difficult>Unspecified</difficult>
		<bndbox>
			<xmin>367</xmin>
			<ymin>691</ymin>
			<xmax>464</xmax>
			<ymax>802</ymax>
		</bndbox>
	</object>
</annotation>