<annotation>
	<folder>my-project-name</folder>
	<filename>287.jpg</filename>
	<path>/my-project-name/287.jpg</path>
	<source>
		<database>Unspecified</database>
	</source>
	<size>
		<width>1000</width>
		<height>1000</height>
		<depth>3</depth>
	</size>

	<object>
		<name>MountainBike</name>
		<pose>Unspecified</pose>
		<truncated>Unspecified</truncated>
		<difficult>Unspecified</difficult>
		<bndbox>
			<xmin>440</xmin>
			<ymin>421</ymin>
			<xmax>638</xmax>
			<ymax>829</ymax>
		</bndbox>
	</object>
</annotation>