<annotation>
	<folder>my-project-name</folder>
	<filename>288.jpg</filename>
	<path>/my-project-name/288.jpg</path>
	<source>
		<database>Unspecified</database>
	</source>
	<size>
		<width>1000</width>
		<height>1000</height>
		<depth>3</depth>
	</size>

	<object>
		<name>MountainBike</name>
		<pose>Unspecified</pose>
		<truncated>Unspecified</truncated>
		<difficult>Unspecified</difficult>
		<bndbox>
			<xmin>76</xmin>
			<ymin>198</ymin>
			<xmax>733</xmax>
			<ymax>844</ymax>
		</bndbox>
	</object>
	<object>
		<name>MountainBike</name>
		<pose>Unspecified</pose>
		<truncated>Unspecified</truncated>
		<difficult>Unspecified</difficult>
		<bndbox>
			<xmin>642</xmin>
			<ymin>587</ymin>
			<xmax>1000</xmax>
			<ymax>868</ymax>
		</bndbox>
	</object>
</annotation>