<annotation>
	<folder>my-project-name</folder>
	<filename>289.jpg</filename>
	<path>/my-project-name/289.jpg</path>
	<source>
		<database>Unspecified</database>
	</source>
	<size>
		<width>1000</width>
		<height>1000</height>
		<depth>3</depth>
	</size>


	<object>
		<name>MountainBike</name>
		<pose>Unspecified</pose>
		<truncated>Unspecified</truncated>
		<difficult>Unspecified</difficult>
		<bndbox>
			<xmin>387</xmin>
			<ymin>431</ymin>
			<xmax>774</xmax>
			<ymax>846</ymax>
		</bndbox>
	</object>
	<object>
		<name>MountainBike</name>
		<pose>Unspecified</pose>
		<truncated>Unspecified</truncated>
		<difficult>Unspecified</difficult>
		<bndbox>
			<xmin>240</xmin>
			<ymin>601</ymin>
			<xmax>394</xmax>
			<ymax>834</ymax>
		</bndbox>
	</object>
</annotation>