<annotation>
	<folder>my-project-name</folder>
	<filename>298.jpg</filename>
	<path>/my-project-name/298.jpg</path>
	<source>
		<database>Unspecified</database>
	</source>
	<size>
		<width>1000</width>
		<height>1000</height>
		<depth>3</depth>
	</size>
	<object>
		<name>MountainBike</name>
		<pose>Unspecified</pose>
		<truncated>Unspecified</truncated>
		<difficult>Unspecified</difficult>
		<bndbox>
			<xmin>2</xmin>
			<ymin>198</ymin>
			<xmax>649</xmax>
			<ymax>827</ymax>
		</bndbox>
	</object>


	<object>
		<name>MountainBike</name>
		<pose>Unspecified</pose>
		<truncated>Unspecified</truncated>
		<difficult>Unspecified</difficult>
		<bndbox>
			<xmin>704</xmin>
			<ymin>533</ymin>
			<xmax>881</xmax>
			<ymax>842</ymax>
		</bndbox>
	</object>
</annotation>