<annotation>
	<folder>my-project-name</folder>
	<filename>304.jpg</filename>
	<path>/my-project-name/304.jpg</path>
	<source>
		<database>Unspecified</database>
	</source>
	<size>
		<width>1000</width>
		<height>1000</height>
		<depth>3</depth>
	</size>
	<object>
		<name>MountainBike</name>
		<pose>Unspecified</pose>
		<truncated>Unspecified</truncated>
		<difficult>Unspecified</difficult>
		<bndbox>
			<xmin>52</xmin>
			<ymin>251</ymin>
			<xmax>961</xmax>
			<ymax>795</ymax>
		</bndbox>
	</object>
</annotation>