<annotation>
	<folder>my-project-name</folder>
	<filename>311.jpg</filename>
	<path>/my-project-name/311.jpg</path>
	<source>
		<database>Unspecified</database>
	</source>
	<size>
		<width>1000</width>
		<height>1000</height>
		<depth>3</depth>
	</size>
	<object>
		<name>MountainBike</name>
		<pose>Unspecified</pose>
		<truncated>Unspecified</truncated>
		<difficult>Unspecified</difficult>
		<bndbox>
			<xmin>353</xmin>
			<ymin>547</ymin>
			<xmax>693</xmax>
			<ymax>834</ymax>
		</bndbox>
	</object>


	<object>
		<name>MountainBike</name>
		<pose>Unspecified</pose>
		<truncated>Unspecified</truncated>
		<difficult>Unspecified</difficult>
		<bndbox>
			<xmin>759</xmin>
			<ymin>531</ymin>
			<xmax>914</xmax>
			<ymax>782</ymax>
		</bndbox>
	</object>
</annotation>