<annotation>
	<folder>my-project-name</folder>
	<filename>313.jpg</filename>
	<path>/my-project-name/313.jpg</path>
	<source>
		<database>Unspecified</database>
	</source>
	<size>
		<width>1000</width>
		<height>1000</height>
		<depth>3</depth>
	</size>


	<object>
		<name>MountainBike</name>
		<pose>Unspecified</pose>
		<truncated>Unspecified</truncated>
		<difficult>Unspecified</difficult>
		<bndbox>
			<xmin>320</xmin>
			<ymin>476</ymin>
			<xmax>479</xmax>
			<ymax>752</ymax>
		</bndbox>
	</object>
	<object>
		<name>MountainBike</name>
		<pose>Unspecified</pose>
		<truncated>Unspecified</truncated>
		<difficult>Unspecified</difficult>
		<bndbox>
			<xmin>462</xmin>
			<ymin>502</ymin>
			<xmax>582</xmax>
			<ymax>706</ymax>
		</bndbox>
	</object>
</annotation>