<annotation>
	<folder>my-project-name</folder>
	<filename>314.jpg</filename>
	<path>/my-project-name/314.jpg</path>
	<source>
		<database>Unspecified</database>
	</source>
	<size>
		<width>1000</width>
		<height>1000</height>
		<depth>3</depth>
	</size>


	<object>
		<name>MountainBike</name>
		<pose>Unspecified</pose>
		<truncated>Unspecified</truncated>
		<difficult>Unspecified</difficult>
		<bndbox>
			<xmin>317</xmin>
			<ymin>443</ymin>
			<xmax>510</xmax>
			<ymax>727</ymax>
		</bndbox>
	</object>
	<object>
		<name>MountainBike</name>
		<pose>Unspecified</pose>
		<truncated>Unspecified</truncated>
		<difficult>Unspecified</difficult>
		<bndbox>
			<xmin>494</xmin>
			<ymin>460</ymin>
			<xmax>665</xmax>
			<ymax>601</ymax>
		</bndbox>
	</object>
</annotation>