<annotation>
	<folder>my-project-name</folder>
	<filename>315.jpg</filename>
	<path>/my-project-name/315.jpg</path>
	<source>
		<database>Unspecified</database>
	</source>
	<size>
		<width>1000</width>
		<height>1000</height>
		<depth>3</depth>
	</size>
	<object>
		<name>MountainBike</name>
		<pose>Unspecified</pose>
		<truncated>Unspecified</truncated>
		<difficult>Unspecified</difficult>
		<bndbox>
			<xmin>17</xmin>
			<ymin>239</ymin>
			<xmax>561</xmax>
			<ymax>838</ymax>
		</bndbox>
	</object>
</annotation>