<annotation>
	<folder>my-project-name</folder>
	<filename>319.jpg</filename>
	<path>/my-project-name/319.jpg</path>
	<source>
		<database>Unspecified</database>
	</source>
	<size>
		<width>1000</width>
		<height>1000</height>
		<depth>3</depth>
	</size>
	<object>
		<name>MountainBike</name>
		<pose>Unspecified</pose>
		<truncated>Unspecified</truncated>
		<difficult>Unspecified</difficult>
		<bndbox>
			<xmin>104</xmin>
			<ymin>176</ymin>
			<xmax>890</xmax>
			<ymax>887</ymax>
		</bndbox>
	</object>
</annotation>