<annotation>
	<folder>my-project-name</folder>
	<filename>326.jpg</filename>
	<path>/my-project-name/326.jpg</path>
	<source>
		<database>Unspecified</database>
	</source>
	<size>
		<width>1000</width>
		<height>1000</height>
		<depth>3</depth>
	</size>
	<object>
		<name>MountainBike</name>
		<pose>Unspecified</pose>
		<truncated>Unspecified</truncated>
		<difficult>Unspecified</difficult>
		<bndbox>
			<xmin>39</xmin>
			<ymin>226</ymin>
			<xmax>968</xmax>
			<ymax>793</ymax>
		</bndbox>
	</object>
</annotation>