<annotation>
	<folder>my-project-name</folder>
	<filename>327.jpg</filename>
	<path>/my-project-name/327.jpg</path>
	<source>
		<database>Unspecified</database>
	</source>
	<size>
		<width>1000</width>
		<height>1000</height>
		<depth>3</depth>
	</size>

	<object>
		<name>MountainBike</name>
		<pose>Unspecified</pose>
		<truncated>Unspecified</truncated>
		<difficult>Unspecified</difficult>
		<bndbox>
			<xmin>385</xmin>
			<ymin>243</ymin>
			<xmax>743</xmax>
			<ymax>836</ymax>
		</bndbox>
	</object>
	<object>
		<name>MountainBike</name>
		<pose>Unspecified</pose>
		<truncated>Unspecified</truncated>
		<difficult>Unspecified</difficult>
		<bndbox>
			<xmin>186</xmin>
			<ymin>511</ymin>
			<xmax>395</xmax>
			<ymax>832</ymax>
		</bndbox>
	</object>
</annotation>