<annotation>
	<folder>my-project-name</folder>
	<filename>328.jpg</filename>
	<path>/my-project-name/328.jpg</path>
	<source>
		<database>Unspecified</database>
	</source>
	<size>
		<width>1000</width>
		<height>1000</height>
		<depth>3</depth>
	</size>


	<object>
		<name>MountainBike</name>
		<pose>Unspecified</pose>
		<truncated>Unspecified</truncated>
		<difficult>Unspecified</difficult>
		<bndbox>
			<xmin>330</xmin>
			<ymin>548</ymin>
			<xmax>456</xmax>
			<ymax>763</ymax>
		</bndbox>
	</object>
	<object>
		<name>MountainBike</name>
		<pose>Unspecified</pose>
		<truncated>Unspecified</truncated>
		<difficult>Unspecified</difficult>
		<bndbox>
			<xmin>476</xmin>
			<ymin>535</ymin>
			<xmax>668</xmax>
			<ymax>863</ymax>
		</bndbox>
	</object>
</annotation>