<annotation>
	<folder>my-project-name</folder>
	<filename>346.jpg</filename>
	<path>/my-project-name/346.jpg</path>
	<source>
		<database>Unspecified</database>
	</source>
	<size>
		<width>1000</width>
		<height>1000</height>
		<depth>3</depth>
	</size>
	<object>
		<name>MountainBike</name>
		<pose>Unspecified</pose>
		<truncated>Unspecified</truncated>
		<difficult>Unspecified</difficult>
		<bndbox>
			<xmin>406</xmin>
			<ymin>429</ymin>
			<xmax>919</xmax>
			<ymax>849</ymax>
		</bndbox>
	</object>


	<object>
		<name>MountainBike</name>
		<pose>Unspecified</pose>
		<truncated>Unspecified</truncated>
		<difficult>Unspecified</difficult>
		<bndbox>
			<xmin>91</xmin>
			<ymin>417</ymin>
			<xmax>422</xmax>
			<ymax>843</ymax>
		</bndbox>
	</object>
</annotation>