<annotation>
	<folder>my-project-name</folder>
	<filename>350.jpg</filename>
	<path>/my-project-name/350.jpg</path>
	<source>
		<database>Unspecified</database>
	</source>
	<size>
		<width>1000</width>
		<height>1000</height>
		<depth>3</depth>
	</size>
	<object>
		<name>MountainBike</name>
		<pose>Unspecified</pose>
		<truncated>Unspecified</truncated>
		<difficult>Unspecified</difficult>
		<bndbox>
			<xmin>403</xmin>
			<ymin>485</ymin>
			<xmax>749</xmax>
			<ymax>768</ymax>
		</bndbox>
	</object>

</annotation>