<annotation>
	<folder>my-project-name</folder>
	<filename>352.jpg</filename>
	<path>/my-project-name/352.jpg</path>
	<source>
		<database>Unspecified</database>
	</source>
	<size>
		<width>1000</width>
		<height>1000</height>
		<depth>3</depth>
	</size>
	<object>
		<name>MountainBike</name>
		<pose>Unspecified</pose>
		<truncated>Unspecified</truncated>
		<difficult>Unspecified</difficult>
		<bndbox>
			<xmin>103</xmin>
			<ymin>160</ymin>
			<xmax>897</xmax>
			<ymax>868</ymax>
		</bndbox>
	</object>
</annotation>