<annotation>
	<folder>my-project-name</folder>
	<filename>355.jpg</filename>
	<path>/my-project-name/355.jpg</path>
	<source>
		<database>Unspecified</database>
	</source>
	<size>
		<width>1000</width>
		<height>1000</height>
		<depth>3</depth>
	</size>
	<object>
		<name>MountainBike</name>
		<pose>Unspecified</pose>
		<truncated>Unspecified</truncated>
		<difficult>Unspecified</difficult>
		<bndbox>
			<xmin>38</xmin>
			<ymin>214</ymin>
			<xmax>981</xmax>
			<ymax>751</ymax>
		</bndbox>
	</object>
</annotation>