<annotation>
	<folder>my-project-name</folder>
	<filename>389.jpg</filename>
	<path>/my-project-name/389.jpg</path>
	<source>
		<database>Unspecified</database>
	</source>
	<size>
		<width>1000</width>
		<height>1000</height>
		<depth>3</depth>
	</size>
	<object>
		<name>MountainBike</name>
		<pose>Unspecified</pose>
		<truncated>Unspecified</truncated>
		<difficult>Unspecified</difficult>
		<bndbox>
			<xmin>8</xmin>
			<ymin>299</ymin>
			<xmax>992</xmax>
			<ymax>864</ymax>
		</bndbox>
	</object>
</annotation>