<annotation>
	<folder>my-project-name</folder>
	<filename>407.jpg</filename>
	<path>/my-project-name/407.jpg</path>
	<source>
		<database>Unspecified</database>
	</source>
	<size>
		<width>1000</width>
		<height>1000</height>
		<depth>3</depth>
	</size>


	<object>
		<name>MountainBike</name>
		<pose>Unspecified</pose>
		<truncated>Unspecified</truncated>
		<difficult>Unspecified</difficult>
		<bndbox>
			<xmin>294</xmin>
			<ymin>513</ymin>
			<xmax>605</xmax>
			<ymax>817</ymax>
		</bndbox>
	</object>
	<object>
		<name>MountainBike</name>
		<pose>Unspecified</pose>
		<truncated>Unspecified</truncated>
		<difficult>Unspecified</difficult>
		<bndbox>
			<xmin>519</xmin>
			<ymin>493</ymin>
			<xmax>750</xmax>
			<ymax>705</ymax>
		</bndbox>
	</object>
</annotation>