<annotation>
	<folder>my-project-name</folder>
	<filename>414.jpg</filename>
	<path>/my-project-name/414.jpg</path>
	<source>
		<database>Unspecified</database>
	</source>
	<size>
		<width>1000</width>
		<height>1000</height>
		<depth>3</depth>
	</size>
	<object>
		<name>MountainBike</name>
		<pose>Unspecified</pose>
		<truncated>Unspecified</truncated>
		<difficult>Unspecified</difficult>
		<bndbox>
			<xmin>281</xmin>
			<ymin>345</ymin>
			<xmax>679</xmax>
			<ymax>836</ymax>
		</bndbox>
	</object>


	<object>
		<name>MountainBike</name>
		<pose>Unspecified</pose>
		<truncated>Unspecified</truncated>
		<difficult>Unspecified</difficult>
		<bndbox>
			<xmin>44</xmin>
			<ymin>520</ymin>
			<xmax>277</xmax>
			<ymax>836</ymax>
		</bndbox>
	</object>
</annotation>