<annotation>
	<folder>my-project-name</folder>
	<filename>424.jpg</filename>
	<path>/my-project-name/424.jpg</path>
	<source>
		<database>Unspecified</database>
	</source>
	<size>
		<width>1000</width>
		<height>1000</height>
		<depth>3</depth>
	</size>

	<object>
		<name>MountainBike</name>
		<pose>Unspecified</pose>
		<truncated>Unspecified</truncated>
		<difficult>Unspecified</difficult>
		<bndbox>
			<xmin>349</xmin>
			<ymin>307</ymin>
			<xmax>810</xmax>
			<ymax>931</ymax>
		</bndbox>
	</object>
</annotation>