<annotation>
	<folder>my-project-name</folder>
	<filename>427.jpg</filename>
	<path>/my-project-name/427.jpg</path>
	<source>
		<database>Unspecified</database>
	</source>
	<size>
		<width>1000</width>
		<height>1000</height>
		<depth>3</depth>
	</size>

	<object>
		<name>MountainBike</name>
		<pose>Unspecified</pose>
		<truncated>Unspecified</truncated>
		<difficult>Unspecified</difficult>
		<bndbox>
			<xmin>223</xmin>
			<ymin>401</ymin>
			<xmax>610</xmax>
			<ymax>810</ymax>
		</bndbox>
	</object>

	<object>
		<name>MountainBike</name>
		<pose>Unspecified</pose>
		<truncated>Unspecified</truncated>
		<difficult>Unspecified</difficult>
		<bndbox>
			<xmin>629</xmin>
			<ymin>465</ymin>
			<xmax>772</xmax>
			<ymax>628</ymax>
		</bndbox>
	</object>
</annotation>