<annotation>
	<folder>my-project-name</folder>
	<filename>436.jpg</filename>
	<path>/my-project-name/436.jpg</path>
	<source>
		<database>Unspecified</database>
	</source>
	<size>
		<width>1000</width>
		<height>1000</height>
		<depth>3</depth>
	</size>


	<object>
		<name>MountainBike</name>
		<pose>Unspecified</pose>
		<truncated>Unspecified</truncated>
		<difficult>Unspecified</difficult>
		<bndbox>
			<xmin>444</xmin>
			<ymin>317</ymin>
			<xmax>630</xmax>
			<ymax>605</ymax>
		</bndbox>
	</object>
	<object>
		<name>MountainBike</name>
		<pose>Unspecified</pose>
		<truncated>Unspecified</truncated>
		<difficult>Unspecified</difficult>
		<bndbox>
			<xmin>136</xmin>
			<ymin>327</ymin>
			<xmax>316</xmax>
			<ymax>613</ymax>
		</bndbox>
	</object>
</annotation>