<annotation>
	<folder>my-project-name</folder>
	<filename>102.jpg</filename>
	<path>/my-project-name/102.jpg</path>
	<source>
		<database>Unspecified</database>
	</source>
	<size>
		<width>1000</width>
		<height>1000</height>
		<depth>3</depth>
	</size>


	<object>
		<name>RoadBike</name>
		<pose>Unspecified</pose>
		<truncated>Unspecified</truncated>
		<difficult>Unspecified</difficult>
		<bndbox>
			<xmin>523</xmin>
			<ymin>502</ymin>
			<xmax>692</xmax>
			<ymax>752</ymax>
		</bndbox>
	</object>
</annotation>