<annotation>
	<folder>my-project-name</folder>
	<filename>103.jpg</filename>
	<path>/my-project-name/103.jpg</path>
	<source>
		<database>Unspecified</database>
	</source>
	<size>
		<width>1000</width>
		<height>1000</height>
		<depth>3</depth>
	</size>

	<object>
		<name>RoadBike</name>
		<pose>Unspecified</pose>
		<truncated>Unspecified</truncated>
		<difficult>Unspecified</difficult>
		<bndbox>
			<xmin>622</xmin>
			<ymin>511</ymin>
			<xmax>779</xmax>
			<ymax>797</ymax>
		</bndbox>
	</object>





	<object>
		<name>RoadBike</name>
		<pose>Unspecified</pose>
		<truncated>Unspecified</truncated>
		<difficult>Unspecified</difficult>
		<bndbox>
			<xmin>359</xmin>
			<ymin>488</ymin>
			<xmax>435</xmax>
			<ymax>624</ymax>
		</bndbox>
	</object>
	<object>
		<name>RoadBike</name>
		<pose>Unspecified</pose>
		<truncated>Unspecified</truncated>
		<difficult>Unspecified</difficult>
		<bndbox>
			<xmin>473</xmin>
			<ymin>489</ymin>
			<xmax>550</xmax>
			<ymax>652</ymax>
		</bndbox>
	</object>
</annotation>