<annotation>
	<folder>my-project-name</folder>
	<filename>105.jpg</filename>
	<path>/my-project-name/105.jpg</path>
	<source>
		<database>Unspecified</database>
	</source>
	<size>
		<width>1000</width>
		<height>1000</height>
		<depth>3</depth>
	</size>



	<object>
		<name>RoadBike</name>
		<pose>Unspecified</pose>
		<truncated>Unspecified</truncated>
		<difficult>Unspecified</difficult>
		<bndbox>
			<xmin>419</xmin>
			<ymin>502</ymin>
			<xmax>533</xmax>
			<ymax>610</ymax>
		</bndbox>
	</object>
	<object>
		<name>RoadBike</name>
		<pose>Unspecified</pose>
		<truncated>Unspecified</truncated>
		<difficult>Unspecified</difficult>
		<bndbox>
			<xmin>562</xmin>
			<ymin>546</ymin>
			<xmax>714</xmax>
			<ymax>689</ymax>
		</bndbox>
	</object>
	<object>
		<name>RoadBike</name>
		<pose>Unspecified</pose>
		<truncated>Unspecified</truncated>
		<difficult>Unspecified</difficult>
		<bndbox>
			<xmin>710</xmin>
			<ymin>529</ymin>
			<xmax>889</xmax>
			<ymax>696</ymax>
		</bndbox>
	</object>
</annotation>