<annotation>
	<folder>my-project-name</folder>
	<filename>107.jpg</filename>
	<path>/my-project-name/107.jpg</path>
	<source>
		<database>Unspecified</database>
	</source>
	<size>
		<width>1000</width>
		<height>1000</height>
		<depth>3</depth>
	</size>

	<object>
		<name>RoadBike</name>
		<pose>Unspecified</pose>
		<truncated>Unspecified</truncated>
		<difficult>Unspecified</difficult>
		<bndbox>
			<xmin>-4</xmin>
			<ymin>450</ymin>
			<xmax>518</xmax>
			<ymax>774</ymax>
		</bndbox>
	</object>
	<object>
		<name>RoadBike</name>
		<pose>Unspecified</pose>
		<truncated>Unspecified</truncated>
		<difficult>Unspecified</difficult>
		<bndbox>
			<xmin>386</xmin>
			<ymin>475</ymin>
			<xmax>805</xmax>
			<ymax>748</ymax>
		</bndbox>
	</object>

</annotation>