<annotation>
	<folder>my-project-name</folder>
	<filename>108.jpg</filename>
	<path>/my-project-name/108.jpg</path>
	<source>
		<database>Unspecified</database>
	</source>
	<size>
		<width>1000</width>
		<height>1000</height>
		<depth>3</depth>
	</size>

	<object>
		<name>RoadBike</name>
		<pose>Unspecified</pose>
		<truncated>Unspecified</truncated>
		<difficult>Unspecified</difficult>
		<bndbox>
			<xmin>622</xmin>
			<ymin>511</ymin>
			<xmax>779</xmax>
			<ymax>797</ymax>
		</bndbox>
	</object>





	<object>
		<name>RoadBike</name>
		<pose>Unspecified</pose>
		<truncated>Unspecified</truncated>
		<difficult>Unspecified</difficult>
		<bndbox>
			<xmin>358</xmin>
			<ymin>489</ymin>
			<xmax>449</xmax>
			<ymax>626</ymax>
		</bndbox>
	</object>
	<object>
		<name>RoadBike</name>
		<pose>Unspecified</pose>
		<truncated>Unspecified</truncated>
		<difficult>Unspecified</difficult>
		<bndbox>
			<xmin>475</xmin>
			<ymin>496</ymin>
			<xmax>547</xmax>
			<ymax>649</ymax>
		</bndbox>
	</object>
</annotation>