<annotation>
	<folder>my-project-name</folder>
	<filename>109.jpg</filename>
	<path>/my-project-name/109.jpg</path>
	<source>
		<database>Unspecified</database>
	</source>
	<size>
		<width>1000</width>
		<height>1000</height>
		<depth>3</depth>
	</size>
	<object>
		<name>RoadBike</name>
		<pose>Unspecified</pose>
		<truncated>Unspecified</truncated>
		<difficult>Unspecified</difficult>
		<bndbox>
			<xmin>413</xmin>
			<ymin>352</ymin>
			<xmax>657</xmax>
			<ymax>702</ymax>
		</bndbox>
	</object>

	<object>
		<name>RoadBike</name>
		<pose>Unspecified</pose>
		<truncated>Unspecified</truncated>
		<difficult>Unspecified</difficult>
		<bndbox>
			<xmin>323</xmin>
			<ymin>492</ymin>
			<xmax>439</xmax>
			<ymax>673</ymax>
		</bndbox>
	</object>
	<object>
		<name>RoadBike</name>
		<pose>Unspecified</pose>
		<truncated>Unspecified</truncated>
		<difficult>Unspecified</difficult>
		<bndbox>
			<xmin>485</xmin>
			<ymin>468</ymin>
			<xmax>684</xmax>
			<ymax>668</ymax>
		</bndbox>
	</object>
</annotation>