<annotation>
	<folder>my-project-name</folder>
	<filename>110.jpg</filename>
	<path>/my-project-name/110.jpg</path>
	<source>
		<database>Unspecified</database>
	</source>
	<size>
		<width>1000</width>
		<height>1000</height>
		<depth>3</depth>
	</size>


	<object>
		<name>RoadBike</name>
		<pose>Unspecified</pose>
		<truncated>Unspecified</truncated>
		<difficult>Unspecified</difficult>
		<bndbox>
			<xmin>581</xmin>
			<ymin>564</ymin>
			<xmax>659</xmax>
			<ymax>703</ymax>
		</bndbox>
	</object>
	<object>
		<name>RoadBike</name>
		<pose>Unspecified</pose>
		<truncated>Unspecified</truncated>
		<difficult>Unspecified</difficult>
		<bndbox>
			<xmin>686</xmin>
			<ymin>555</ymin>
			<xmax>743</xmax>
			<ymax>686</ymax>
		</bndbox>
	</object>
</annotation>