<annotation>
	<folder>my-project-name</folder>
	<filename>112.jpg</filename>
	<path>/my-project-name/112.jpg</path>
	<source>
		<database>Unspecified</database>
	</source>
	<size>
		<width>1000</width>
		<height>1000</height>
		<depth>3</depth>
	</size>



	<object>
		<name>RoadBike</name>
		<pose>Unspecified</pose>
		<truncated>Unspecified</truncated>
		<difficult>Unspecified</difficult>
		<bndbox>
			<xmin>498</xmin>
			<ymin>481</ymin>
			<xmax>842</xmax>
			<ymax>707</ymax>
		</bndbox>
	</object>
	<object>
		<name>RoadBike</name>
		<pose>Unspecified</pose>
		<truncated>Unspecified</truncated>
		<difficult>Unspecified</difficult>
		<bndbox>
			<xmin>648</xmin>
			<ymin>491</ymin>
			<xmax>951</xmax>
			<ymax>688</ymax>
		</bndbox>
	</object>
	<object>
		<name>RoadBike</name>
		<pose>Unspecified</pose>
		<truncated>Unspecified</truncated>
		<difficult>Unspecified</difficult>
		<bndbox>
			<xmin>156</xmin>
			<ymin>509</ymin>
			<xmax>387</xmax>
			<ymax>715</ymax>
		</bndbox>
	</object>
</annotation>