<annotation>
	<folder>my-project-name</folder>
	<filename>118.jpg</filename>
	<path>/my-project-name/118.jpg</path>
	<source>
		<database>Unspecified</database>
	</source>
	<size>
		<width>1000</width>
		<height>1000</height>
		<depth>3</depth>
	</size>
	<object>
		<name>RoadBike</name>
		<pose>Unspecified</pose>
		<truncated>Unspecified</truncated>
		<difficult>Unspecified</difficult>
		<bndbox>
			<xmin>374</xmin>
			<ymin>252</ymin>
			<xmax>723</xmax>
			<ymax>759</ymax>
		</bndbox>
	</object>
	<object>
		<name>RoadBike</name>
		<pose>Unspecified</pose>
		<truncated>Unspecified</truncated>
		<difficult>Unspecified</difficult>
		<bndbox>
			<xmin>635</xmin>
			<ymin>292</ymin>
			<xmax>1000</xmax>
			<ymax>839</ymax>
		</bndbox>
	</object>
	<object>
		<name>RoadBike</name>
		<pose>Unspecified</pose>
		<truncated>Unspecified</truncated>
		<difficult>Unspecified</difficult>
		<bndbox>
			<xmin>3</xmin>
			<ymin>258</ymin>
			<xmax>501</xmax>
			<ymax>817</ymax>
		</bndbox>
	</object>

</annotation>