<annotation>
	<folder>my-project-name</folder>
	<filename>130.jpg</filename>
	<path>/my-project-name/130.jpg</path>
	<source>
		<database>Unspecified</database>
	</source>
	<size>
		<width>1000</width>
		<height>1000</height>
		<depth>3</depth>
	</size>


	<object>
		<name>RoadBike</name>
		<pose>Unspecified</pose>
		<truncated>Unspecified</truncated>
		<difficult>Unspecified</difficult>
		<bndbox>
			<xmin>250</xmin>
			<ymin>538</ymin>
			<xmax>595</xmax>
			<ymax>758</ymax>
		</bndbox>
	</object>
	<object>
		<name>RoadBike</name>
		<pose>Unspecified</pose>
		<truncated>Unspecified</truncated>
		<difficult>Unspecified</difficult>
		<bndbox>
			<xmin>535</xmin>
			<ymin>517</ymin>
			<xmax>865</xmax>
			<ymax>736</ymax>
		</bndbox>
	</object>
</annotation>