<annotation>
	<folder>my-project-name</folder>
	<filename>133.jpg</filename>
	<path>/my-project-name/133.jpg</path>
	<source>
		<database>Unspecified</database>
	</source>
	<size>
		<width>1000</width>
		<height>1000</height>
		<depth>3</depth>
	</size>


	<object>
		<name>RoadBike</name>
		<pose>Unspecified</pose>
		<truncated>Unspecified</truncated>
		<difficult>Unspecified</difficult>
		<bndbox>
			<xmin>257</xmin>
			<ymin>534</ymin>
			<xmax>397</xmax>
			<ymax>732</ymax>
		</bndbox>
	</object>
	<object>
		<name>RoadBike</name>
		<pose>Unspecified</pose>
		<truncated>Unspecified</truncated>
		<difficult>Unspecified</difficult>
		<bndbox>
			<xmin>426</xmin>
			<ymin>519</ymin>
			<xmax>557</xmax>
			<ymax>703</ymax>
		</bndbox>
	</object>
</annotation>