<annotation>
	<folder>my-project-name</folder>
	<filename>135.jpg</filename>
	<path>/my-project-name/135.jpg</path>
	<source>
		<database>Unspecified</database>
	</source>
	<size>
		<width>1000</width>
		<height>1000</height>
		<depth>3</depth>
	</size>


	<object>
		<name>RoadBike</name>
		<pose>Unspecified</pose>
		<truncated>Unspecified</truncated>
		<difficult>Unspecified</difficult>
		<bndbox>
			<xmin>121</xmin>
			<ymin>476</ymin>
			<xmax>373</xmax>
			<ymax>774</ymax>
		</bndbox>
	</object>
	<object>
		<name>RoadBike</name>
		<pose>Unspecified</pose>
		<truncated>Unspecified</truncated>
		<difficult>Unspecified</difficult>
		<bndbox>
			<xmin>359</xmin>
			<ymin>501</ymin>
			<xmax>633</xmax>
			<ymax>774</ymax>
		</bndbox>
	</object>
</annotation>