<annotation>
	<folder>my-project-name</folder>
	<filename>139.jpg</filename>
	<path>/my-project-name/139.jpg</path>
	<source>
		<database>Unspecified</database>
	</source>
	<size>
		<width>1000</width>
		<height>1000</height>
		<depth>3</depth>
	</size>


	<object>
		<name>RoadBike</name>
		<pose>Unspecified</pose>
		<truncated>Unspecified</truncated>
		<difficult>Unspecified</difficult>
		<bndbox>
			<xmin>725</xmin>
			<ymin>620</ymin>
			<xmax>791</xmax>
			<ymax>724</ymax>
		</bndbox>
	</object>
	<object>
		<name>RoadBike</name>
		<pose>Unspecified</pose>
		<truncated>Unspecified</truncated>
		<difficult>Unspecified</difficult>
		<bndbox>
			<xmin>654</xmin>
			<ymin>620</ymin>
			<xmax>728</xmax>
			<ymax>708</ymax>
		</bndbox>
	</object>
</annotation>