<annotation>
	<folder>my-project-name</folder>
	<filename>144.jpg</filename>
	<path>/my-project-name/144.jpg</path>
	<source>
		<database>Unspecified</database>
	</source>
	<size>
		<width>1000</width>
		<height>1000</height>
		<depth>3</depth>
	</size>

	<object>
		<name>RoadBike</name>
		<pose>Unspecified</pose>
		<truncated>Unspecified</truncated>
		<difficult>Unspecified</difficult>
		<bndbox>
			<xmin>622</xmin>
			<ymin>511</ymin>
			<xmax>779</xmax>
			<ymax>797</ymax>
		</bndbox>
	</object>





	<object>
		<name>RoadBike</name>
		<pose>Unspecified</pose>
		<truncated>Unspecified</truncated>
		<difficult>Unspecified</difficult>
		<bndbox>
			<xmin>356</xmin>
			<ymin>492</ymin>
			<xmax>439</xmax>
			<ymax>630</ymax>
		</bndbox>
	</object>
	<object>
		<name>RoadBike</name>
		<pose>Unspecified</pose>
		<truncated>Unspecified</truncated>
		<difficult>Unspecified</difficult>
		<bndbox>
			<xmin>464</xmin>
			<ymin>505</ymin>
			<xmax>548</xmax>
			<ymax>630</ymax>
		</bndbox>
	</object>
	<object>
		<name>RoadBike</name>
		<pose>Unspecified</pose>
		<truncated>Unspecified</truncated>
		<difficult>Unspecified</difficult>
		<bndbox>
			<xmin>562</xmin>
			<ymin>495</ymin>
			<xmax>613</xmax>
			<ymax>626</ymax>
		</bndbox>
	</object>
</annotation>