<annotation>
	<folder>my-project-name</folder>
	<filename>150.jpg</filename>
	<path>/my-project-name/150.jpg</path>
	<source>
		<database>Unspecified</database>
	</source>
	<size>
		<width>1000</width>
		<height>1000</height>
		<depth>3</depth>
	</size>


	<object>
		<name>RoadBike</name>
		<pose>Unspecified</pose>
		<truncated>Unspecified</truncated>
		<difficult>Unspecified</difficult>
		<bndbox>
			<xmin>268</xmin>
			<ymin>532</ymin>
			<xmax>935</xmax>
			<ymax>832</ymax>
		</bndbox>
	</object>
	<object>
		<name>RoadBike</name>
		<pose>Unspecified</pose>
		<truncated>Unspecified</truncated>
		<difficult>Unspecified</difficult>
		<bndbox>
			<xmin>11</xmin>
			<ymin>549</ymin>
			<xmax>587</xmax>
			<ymax>833</ymax>
		</bndbox>
	</object>
</annotation>