<annotation>
	<folder>my-project-name</folder>
	<filename>2.jpg</filename>
	<path>/my-project-name/2.jpg</path>
	<source>
		<database>Unspecified</database>
	</source>
	<size>
		<width>1000</width>
		<height>1000</height>
		<depth>3</depth>
	</size>

	<object>
		<name>RoadBike</name>
		<pose>Unspecified</pose>
		<truncated>Unspecified</truncated>
		<difficult>Unspecified</difficult>
		<bndbox>
			<xmin>126</xmin>
			<ymin>555</ymin>
			<xmax>961</xmax>
			<ymax>837</ymax>
		</bndbox>
	</object>
</annotation>