<annotation>
	<folder>my-project-name</folder>
	<filename>25.jpg</filename>
	<path>/my-project-name/25.jpg</path>
	<source>
		<database>Unspecified</database>
	</source>
	<size>
		<width>1000</width>
		<height>1000</height>
		<depth>3</depth>
	</size>


	<object>
		<name>RoadBike</name>
		<pose>Unspecified</pose>
		<truncated>Unspecified</truncated>
		<difficult>Unspecified</difficult>
		<bndbox>
			<xmin>592</xmin>
			<ymin>362</ymin>
			<xmax>763</xmax>
			<ymax>658</ymax>
		</bndbox>
	</object>
	<object>
		<name>RoadBike</name>
		<pose>Unspecified</pose>
		<truncated>Unspecified</truncated>
		<difficult>Unspecified</difficult>
		<bndbox>
			<xmin>361</xmin>
			<ymin>341</ymin>
			<xmax>573</xmax>
			<ymax>634</ymax>
		</bndbox>
	</object>
</annotation>