<annotation>
	<folder>my-project-name</folder>
	<filename>26.jpg</filename>
	<path>/my-project-name/26.jpg</path>
	<source>
		<database>Unspecified</database>
	</source>
	<size>
		<width>1000</width>
		<height>1000</height>
		<depth>3</depth>
	</size>

	<object>
		<name>RoadBike</name>
		<pose>Unspecified</pose>
		<truncated>Unspecified</truncated>
		<difficult>Unspecified</difficult>
		<bndbox>
			<xmin>388</xmin>
			<ymin>536</ymin>
			<xmax>803</xmax>
			<ymax>815</ymax>
		</bndbox>
	</object>
</annotation>