<annotation>
	<folder>my-project-name</folder>
	<filename>27.jpg</filename>
	<path>/my-project-name/27.jpg</path>
	<source>
		<database>Unspecified</database>
	</source>
	<size>
		<width>1000</width>
		<height>1000</height>
		<depth>3</depth>
	</size>


	<object>
		<name>RoadBike</name>
		<pose>Unspecified</pose>
		<truncated>Unspecified</truncated>
		<difficult>Unspecified</difficult>
		<bndbox>
			<xmin>603</xmin>
			<ymin>519</ymin>
			<xmax>775</xmax>
			<ymax>689</ymax>
		</bndbox>
	</object>

	<object>
		<name>RoadBike</name>
		<pose>Unspecified</pose>
		<truncated>Unspecified</truncated>
		<difficult>Unspecified</difficult>
		<bndbox>
			<xmin>445</xmin>
			<ymin>531</ymin>
			<xmax>602</xmax>
			<ymax>698</ymax>
		</bndbox>
	</object>
	<object>
		<name>RoadBike</name>
		<pose>Unspecified</pose>
		<truncated>Unspecified</truncated>
		<difficult>Unspecified</difficult>
		<bndbox>
			<xmin>205</xmin>
			<ymin>547</ymin>
			<xmax>281</xmax>
			<ymax>654</ymax>
		</bndbox>
	</object>
</annotation>