<annotation>
	<folder>my-project-name</folder>
	<filename>31.jpg</filename>
	<path>/my-project-name/31.jpg</path>
	<source>
		<database>Unspecified</database>
	</source>
	<size>
		<width>1000</width>
		<height>1000</height>
		<depth>3</depth>
	</size>

	<object>
		<name>RoadBike</name>
		<pose>Unspecified</pose>
		<truncated>Unspecified</truncated>
		<difficult>Unspecified</difficult>
		<bndbox>
			<xmin>213</xmin>
			<ymin>411</ymin>
			<xmax>656</xmax>
			<ymax>746</ymax>
		</bndbox>
	</object>
</annotation>