<annotation>
	<folder>my-project-name</folder>
	<filename>34.jpg</filename>
	<path>/my-project-name/34.jpg</path>
	<source>
		<database>Unspecified</database>
	</source>
	<size>
		<width>1000</width>
		<height>1000</height>
		<depth>3</depth>
	</size>
	<object>
		<name>RoadBike</name>
		<pose>Unspecified</pose>
		<truncated>Unspecified</truncated>
		<difficult>Unspecified</difficult>
		<bndbox>
			<xmin>108</xmin>
			<ymin>271</ymin>
			<xmax>904</xmax>
			<ymax>754</ymax>
		</bndbox>
	</object>
</annotation>