<annotation>
	<folder>my-project-name</folder>
	<filename>36.jpg</filename>
	<path>/my-project-name/36.jpg</path>
	<source>
		<database>Unspecified</database>
	</source>
	<size>
		<width>1000</width>
		<height>1000</height>
		<depth>3</depth>
	</size>


	<object>
		<name>RoadBike</name>
		<pose>Unspecified</pose>
		<truncated>Unspecified</truncated>
		<difficult>Unspecified</difficult>
		<bndbox>
			<xmin>538</xmin>
			<ymin>488</ymin>
			<xmax>925</xmax>
			<ymax>889</ymax>
		</bndbox>
	</object>
	<object>
		<name>RoadBike</name>
		<pose>Unspecified</pose>
		<truncated>Unspecified</truncated>
		<difficult>Unspecified</difficult>
		<bndbox>
			<xmin>109</xmin>
			<ymin>518</ymin>
			<xmax>345</xmax>
			<ymax>906</ymax>
		</bndbox>
	</object>
</annotation>