<annotation>
	<folder>my-project-name</folder>
	<filename>4.jpg</filename>
	<path>/my-project-name/4.jpg</path>
	<source>
		<database>Unspecified</database>
	</source>
	<size>
		<width>1000</width>
		<height>1000</height>
		<depth>3</depth>
	</size>
	<object>
		<name>RoadBike</name>
		<pose>Unspecified</pose>
		<truncated>Unspecified</truncated>
		<difficult>Unspecified</difficult>
		<bndbox>
			<xmin>89</xmin>
			<ymin>285</ymin>
			<xmax>927</xmax>
			<ymax>771</ymax>
		</bndbox>
	</object>
</annotation>