<annotation>
	<folder>my-project-name</folder>
	<filename>42.jpg</filename>
	<path>/my-project-name/42.jpg</path>
	<source>
		<database>Unspecified</database>
	</source>
	<size>
		<width>1000</width>
		<height>1000</height>
		<depth>3</depth>
	</size>
	<object>
		<name>RoadBike</name>
		<pose>Unspecified</pose>
		<truncated>Unspecified</truncated>
		<difficult>Unspecified</difficult>
		<bndbox>
			<xmin>195</xmin>
			<ymin>498</ymin>
			<xmax>370</xmax>
			<ymax>776</ymax>
		</bndbox>
	</object>


	<object>
		<name>RoadBike</name>
		<pose>Unspecified</pose>
		<truncated>Unspecified</truncated>
		<difficult>Unspecified</difficult>
		<bndbox>
			<xmin>482</xmin>
			<ymin>480</ymin>
			<xmax>747</xmax>
			<ymax>755</ymax>
		</bndbox>
	</object>
</annotation>