<annotation>
	<folder>my-project-name</folder>
	<filename>52.jpg</filename>
	<path>/my-project-name/52.jpg</path>
	<source>
		<database>Unspecified</database>
	</source>
	<size>
		<width>1000</width>
		<height>1000</height>
		<depth>3</depth>
	</size>




	<object>
		<name>RoadBike</name>
		<pose>Unspecified</pose>
		<truncated>Unspecified</truncated>
		<difficult>Unspecified</difficult>
		<bndbox>
			<xmin>594</xmin>
			<ymin>548</ymin>
			<xmax>727</xmax>
			<ymax>793</ymax>
		</bndbox>
	</object>
	<object>
		<name>RoadBike</name>
		<pose>Unspecified</pose>
		<truncated>Unspecified</truncated>
		<difficult>Unspecified</difficult>
		<bndbox>
			<xmin>305</xmin>
			<ymin>508</ymin>
			<xmax>481</xmax>
			<ymax>742</ymax>
		</bndbox>
	</object>
	<object>
		<name>RoadBike</name>
		<pose>Unspecified</pose>
		<truncated>Unspecified</truncated>
		<difficult>Unspecified</difficult>
		<bndbox>
			<xmin>778</xmin>
			<ymin>471</ymin>
			<xmax>829</xmax>
			<ymax>548</ymax>
		</bndbox>
	</object>
</annotation>