<annotation>
	<folder>my-project-name</folder>
	<filename>60.jpg</filename>
	<path>/my-project-name/60.jpg</path>
	<source>
		<database>Unspecified</database>
	</source>
	<size>
		<width>1000</width>
		<height>1000</height>
		<depth>3</depth>
	</size>

	<object>
		<name>RoadBike</name>
		<pose>Unspecified</pose>
		<truncated>Unspecified</truncated>
		<difficult>Unspecified</difficult>
		<bndbox>
			<xmin>398</xmin>
			<ymin>592</ymin>
			<xmax>995</xmax>
			<ymax>842</ymax>
		</bndbox>
	</object>
</annotation>