<annotation>
	<folder>my-project-name</folder>
	<filename>62.jpg</filename>
	<path>/my-project-name/62.jpg</path>
	<source>
		<database>Unspecified</database>
	</source>
	<size>
		<width>1000</width>
		<height>1000</height>
		<depth>3</depth>
	</size>
	<object>
		<name>RoadBike</name>
		<pose>Unspecified</pose>
		<truncated>Unspecified</truncated>
		<difficult>Unspecified</difficult>
		<bndbox>
			<xmin>6</xmin>
			<ymin>160</ymin>
			<xmax>988</xmax>
			<ymax>770</ymax>
		</bndbox>
	</object>

</annotation>