<annotation>
	<folder>my-project-name</folder>
	<filename>63.jpg</filename>
	<path>/my-project-name/63.jpg</path>
	<source>
		<database>Unspecified</database>
	</source>
	<size>
		<width>1000</width>
		<height>1000</height>
		<depth>3</depth>
	</size>
	<object>
		<name>RoadBike</name>
		<pose>Unspecified</pose>
		<truncated>Unspecified</truncated>
		<difficult>Unspecified</difficult>
		<bndbox>
			<xmin>12</xmin>
			<ymin>58</ymin>
			<xmax>979</xmax>
			<ymax>911</ymax>
		</bndbox>
	</object>
</annotation>