<annotation>
	<folder>my-project-name</folder>
	<filename>64.jpg</filename>
	<path>/my-project-name/64.jpg</path>
	<source>
		<database>Unspecified</database>
	</source>
	<size>
		<width>1000</width>
		<height>1000</height>
		<depth>3</depth>
	</size>

	<object>
		<name>RoadBike</name>
		<pose>Unspecified</pose>
		<truncated>Unspecified</truncated>
		<difficult>Unspecified</difficult>
		<bndbox>
			<xmin>622</xmin>
			<ymin>511</ymin>
			<xmax>778</xmax>
			<ymax>797</ymax>
		</bndbox>
	</object>





	<object>
		<name>RoadBike</name>
		<pose>Unspecified</pose>
		<truncated>Unspecified</truncated>
		<difficult>Unspecified</difficult>
		<bndbox>
			<xmin>351</xmin>
			<ymin>499</ymin>
			<xmax>440</xmax>
			<ymax>635</ymax>
		</bndbox>
	</object>
	<object>
		<name>RoadBike</name>
		<pose>Unspecified</pose>
		<truncated>Unspecified</truncated>
		<difficult>Unspecified</difficult>
		<bndbox>
			<xmin>475</xmin>
			<ymin>498</ymin>
			<xmax>537</xmax>
			<ymax>656</ymax>
		</bndbox>
	</object>
</annotation>