<annotation>
	<folder>my-project-name</folder>
	<filename>68.jpg</filename>
	<path>/my-project-name/68.jpg</path>
	<source>
		<database>Unspecified</database>
	</source>
	<size>
		<width>1000</width>
		<height>1000</height>
		<depth>3</depth>
	</size>


	<object>
		<name>RoadBike</name>
		<pose>Unspecified</pose>
		<truncated>Unspecified</truncated>
		<difficult>Unspecified</difficult>
		<bndbox>
			<xmin>83</xmin>
			<ymin>446</ymin>
			<xmax>415</xmax>
			<ymax>702</ymax>
		</bndbox>
	</object>
	<object>
		<name>RoadBike</name>
		<pose>Unspecified</pose>
		<truncated>Unspecified</truncated>
		<difficult>Unspecified</difficult>
		<bndbox>
			<xmin>267</xmin>
			<ymin>421</ymin>
			<xmax>515</xmax>
			<ymax>642</ymax>
		</bndbox>
	</object>

</annotation>