<annotation>
	<folder>my-project-name</folder>
	<filename>70.jpg</filename>
	<path>/my-project-name/70.jpg</path>
	<source>
		<database>Unspecified</database>
	</source>
	<size>
		<width>1000</width>
		<height>1000</height>
		<depth>3</depth>
	</size>

	<object>
		<name>RoadBike</name>
		<pose>Unspecified</pose>
		<truncated>Unspecified</truncated>
		<difficult>Unspecified</difficult>
		<bndbox>
			<xmin>214</xmin>
			<ymin>471</ymin>
			<xmax>538</xmax>
			<ymax>794</ymax>
		</bndbox>
	</object>

	<object>
		<name>RoadBike</name>
		<pose>Unspecified</pose>
		<truncated>Unspecified</truncated>
		<difficult>Unspecified</difficult>
		<bndbox>
			<xmin>76</xmin>
			<ymin>438</ymin>
			<xmax>205</xmax>
			<ymax>617</ymax>
		</bndbox>
	</object>
</annotation>