<annotation>
	<folder>my-project-name</folder>
	<filename>74.jpg</filename>
	<path>/my-project-name/74.jpg</path>
	<source>
		<database>Unspecified</database>
	</source>
	<size>
		<width>1000</width>
		<height>1000</height>
		<depth>3</depth>
	</size>

	<object>
		<name>RoadBike</name>
		<pose>Unspecified</pose>
		<truncated>Unspecified</truncated>
		<difficult>Unspecified</difficult>
		<bndbox>
			<xmin>179</xmin>
			<ymin>390</ymin>
			<xmax>706</xmax>
			<ymax>779</ymax>
		</bndbox>
	</object>
</annotation>