<annotation>
	<folder>my-project-name</folder>
	<filename>75.jpg</filename>
	<path>/my-project-name/75.jpg</path>
	<source>
		<database>Unspecified</database>
	</source>
	<size>
		<width>1000</width>
		<height>1000</height>
		<depth>3</depth>
	</size>


	<object>
		<name>RoadBike</name>
		<pose>Unspecified</pose>
		<truncated>Unspecified</truncated>
		<difficult>Unspecified</difficult>
		<bndbox>
			<xmin>334</xmin>
			<ymin>499</ymin>
			<xmax>822</xmax>
			<ymax>798</ymax>
		</bndbox>
	</object>
	<object>
		<name>RoadBike</name>
		<pose>Unspecified</pose>
		<truncated>Unspecified</truncated>
		<difficult>Unspecified</difficult>
		<bndbox>
			<xmin>-8</xmin>
			<ymin>488</ymin>
			<xmax>490</xmax>
			<ymax>824</ymax>
		</bndbox>
	</object>
</annotation>