<annotation>
	<folder>my-project-name</folder>
	<filename>77.jpg</filename>
	<path>/my-project-name/77.jpg</path>
	<source>
		<database>Unspecified</database>
	</source>
	<size>
		<width>1000</width>
		<height>1000</height>
		<depth>3</depth>
	</size>


	<object>
		<name>RoadBike</name>
		<pose>Unspecified</pose>
		<truncated>Unspecified</truncated>
		<difficult>Unspecified</difficult>
		<bndbox>
			<xmin>280</xmin>
			<ymin>469</ymin>
			<xmax>569</xmax>
			<ymax>671</ymax>
		</bndbox>
	</object>
	<object>
		<name>RoadBike</name>
		<pose>Unspecified</pose>
		<truncated>Unspecified</truncated>
		<difficult>Unspecified</difficult>
		<bndbox>
			<xmin>466</xmin>
			<ymin>455</ymin>
			<xmax>730</xmax>
			<ymax>645</ymax>
		</bndbox>
	</object>
</annotation>