<annotation>
	<folder>my-project-name</folder>
	<filename>80.jpg</filename>
	<path>/my-project-name/80.jpg</path>
	<source>
		<database>Unspecified</database>
	</source>
	<size>
		<width>1000</width>
		<height>1000</height>
		<depth>3</depth>
	</size>

	<object>
		<name>RoadBike</name>
		<pose>Unspecified</pose>
		<truncated>Unspecified</truncated>
		<difficult>Unspecified</difficult>
		<bndbox>
			<xmin>343</xmin>
			<ymin>574</ymin>
			<xmax>722</xmax>
			<ymax>827</ymax>
		</bndbox>
	</object>
</annotation>