<annotation>
	<folder>my-project-name</folder>
	<filename>84.jpg</filename>
	<path>/my-project-name/84.jpg</path>
	<source>
		<database>Unspecified</database>
	</source>
	<size>
		<width>1000</width>
		<height>1000</height>
		<depth>3</depth>
	</size>


	<object>
		<name>RoadBike</name>
		<pose>Unspecified</pose>
		<truncated>Unspecified</truncated>
		<difficult>Unspecified</difficult>
		<bndbox>
			<xmin>747</xmin>
			<ymin>589</ymin>
			<xmax>946</xmax>
			<ymax>742</ymax>
		</bndbox>
	</object>
	<object>
		<name>RoadBike</name>
		<pose>Unspecified</pose>
		<truncated>Unspecified</truncated>
		<difficult>Unspecified</difficult>
		<bndbox>
			<xmin>590</xmin>
			<ymin>576</ymin>
			<xmax>826</xmax>
			<ymax>749</ymax>
		</bndbox>
	</object>
</annotation>