<annotation>
	<folder>my-project-name</folder>
	<filename>85.jpg</filename>
	<path>/my-project-name/85.jpg</path>
	<source>
		<database>Unspecified</database>
	</source>
	<size>
		<width>1000</width>
		<height>1000</height>
		<depth>3</depth>
	</size>

	<object>
		<name>RoadBike</name>
		<pose>Unspecified</pose>
		<truncated>Unspecified</truncated>
		<difficult>Unspecified</difficult>
		<bndbox>
			<xmin>290</xmin>
			<ymin>424</ymin>
			<xmax>732</xmax>
			<ymax>715</ymax>
		</bndbox>
	</object>
</annotation>