<annotation>
	<folder>my-project-name</folder>
	<filename>86.jpg</filename>
	<path>/my-project-name/86.jpg</path>
	<source>
		<database>Unspecified</database>
	</source>
	<size>
		<width>1000</width>
		<height>1000</height>
		<depth>3</depth>
	</size>



	<object>
		<name>RoadBike</name>
		<pose>Unspecified</pose>
		<truncated>Unspecified</truncated>
		<difficult>Unspecified</difficult>
		<bndbox>
			<xmin>234</xmin>
			<ymin>518</ymin>
			<xmax>468</xmax>
			<ymax>851</ymax>
		</bndbox>
	</object>
	<object>
		<name>RoadBike</name>
		<pose>Unspecified</pose>
		<truncated>Unspecified</truncated>
		<difficult>Unspecified</difficult>
		<bndbox>
			<xmin>553</xmin>
			<ymin>541</ymin>
			<xmax>857</xmax>
			<ymax>830</ymax>
		</bndbox>
	</object>
</annotation>