<annotation>
	<folder>my-project-name</folder>
	<filename>92.jpg</filename>
	<path>/my-project-name/92.jpg</path>
	<source>
		<database>Unspecified</database>
	</source>
	<size>
		<width>1000</width>
		<height>1000</height>
		<depth>3</depth>
	</size>
	<object>
		<name>RoadBike</name>
		<pose>Unspecified</pose>
		<truncated>Unspecified</truncated>
		<difficult>Unspecified</difficult>
		<bndbox>
			<xmin>287</xmin>
			<ymin>178</ymin>
			<xmax>809</xmax>
			<ymax>690</ymax>
		</bndbox>
	</object>
	<object>
		<name>RoadBike</name>
		<pose>Unspecified</pose>
		<truncated>Unspecified</truncated>
		<difficult>Unspecified</difficult>
		<bndbox>
			<xmin>7</xmin>
			<ymin>183</ymin>
			<xmax>582</xmax>
			<ymax>688</ymax>
		</bndbox>
	</object>
</annotation>