<annotation>
	<folder>my-project-name</folder>
	<filename>163.jpg</filename>
	<path>/my-project-name/163.jpg</path>
	<source>
		<database>Unspecified</database>
	</source>
	<size>
		<width>1000</width>
		<height>1000</height>
		<depth>3</depth>
	</size>


	<object>
		<name>KidsBike</name>
		<pose>Unspecified</pose>
		<truncated>Unspecified</truncated>
		<difficult>Unspecified</difficult>
		<bndbox>
			<xmin>327</xmin>
			<ymin>403</ymin>
			<xmax>673</xmax>
			<ymax>750</ymax>
		</bndbox>
	</object>
</annotation>