<annotation>
	<folder>my-project-name</folder>
	<filename>166.jpg</filename>
	<path>/my-project-name/166.jpg</path>
	<source>
		<database>Unspecified</database>
	</source>
	<size>
		<width>1000</width>
		<height>1000</height>
		<depth>3</depth>
	</size>

	<object>
		<name>KidsBike</name>
		<pose>Unspecified</pose>
		<truncated>Unspecified</truncated>
		<difficult>Unspecified</difficult>
		<bndbox>
			<xmin>368</xmin>
			<ymin>410</ymin>
			<xmax>861</xmax>
			<ymax>777</ymax>
		</bndbox>
	</object>


</annotation>