<annotation>
	<folder>my-project-name</folder>
	<filename>168.jpg</filename>
	<path>/my-project-name/168.jpg</path>
	<source>
		<database>Unspecified</database>
	</source>
	<size>
		<width>1000</width>
		<height>1000</height>
		<depth>3</depth>
	</size>

	<object>
		<name>KidsBike</name>
		<pose>Unspecified</pose>
		<truncated>Unspecified</truncated>
		<difficult>Unspecified</difficult>
		<bndbox>
			<xmin>202</xmin>
			<ymin>373</ymin>
			<xmax>590</xmax>
			<ymax>803</ymax>
		</bndbox>
	</object>
</annotation>