<annotation>
	<folder>my-project-name</folder>
	<filename>171.jpg</filename>
	<path>/my-project-name/171.jpg</path>
	<source>
		<database>Unspecified</database>
	</source>
	<size>
		<width>1000</width>
		<height>1000</height>
		<depth>3</depth>
	</size>



	<object>
		<name>KidsBike</name>
		<pose>Unspecified</pose>
		<truncated>Unspecified</truncated>
		<difficult>Unspecified</difficult>
		<bndbox>
			<xmin>525</xmin>
			<ymin>603</ymin>
			<xmax>693</xmax>
			<ymax>835</ymax>
		</bndbox>
	</object>
	<object>
		<name>KidsBike</name>
		<pose>Unspecified</pose>
		<truncated>Unspecified</truncated>
		<difficult>Unspecified</difficult>
		<bndbox>
			<xmin>403</xmin>
			<ymin>523</ymin>
			<xmax>522</xmax>
			<ymax>760</ymax>
		</bndbox>
	</object>
</annotation>