<annotation>
	<folder>my-project-name</folder>
	<filename>172.jpg</filename>
	<path>/my-project-name/172.jpg</path>
	<source>
		<database>Unspecified</database>
	</source>
	<size>
		<width>1000</width>
		<height>1000</height>
		<depth>3</depth>
	</size>

	<object>
		<name>KidsBike</name>
		<pose>Unspecified</pose>
		<truncated>Unspecified</truncated>
		<difficult>Unspecified</difficult>
		<bndbox>
			<xmin>330</xmin>
			<ymin>477</ymin>
			<xmax>575</xmax>
			<ymax>634</ymax>
		</bndbox>
	</object>

</annotation>