<annotation>
	<folder>my-project-name</folder>
	<filename>173.jpg</filename>
	<path>/my-project-name/173.jpg</path>
	<source>
		<database>Unspecified</database>
	</source>
	<size>
		<width>1000</width>
		<height>1000</height>
		<depth>3</depth>
	</size>




	<object>
		<name>KidsBike</name>
		<pose>Unspecified</pose>
		<truncated>Unspecified</truncated>
		<difficult>Unspecified</difficult>
		<bndbox>
			<xmin>613</xmin>
			<ymin>561</ymin>
			<xmax>743</xmax>
			<ymax>746</ymax>
		</bndbox>
	</object>
	<object>
		<name>KidsBike</name>
		<pose>Unspecified</pose>
		<truncated>Unspecified</truncated>
		<difficult>Unspecified</difficult>
		<bndbox>
			<xmin>513</xmin>
			<ymin>522</ymin>
			<xmax>627</xmax>
			<ymax>724</ymax>
		</bndbox>
	</object>
</annotation>