<annotation>
	<folder>my-project-name</folder>
	<filename>174.jpg</filename>
	<path>/my-project-name/174.jpg</path>
	<source>
		<database>Unspecified</database>
	</source>
	<size>
		<width>1000</width>
		<height>1000</height>
		<depth>3</depth>
	</size>

	<object>
		<name>KidsBike</name>
		<pose>Unspecified</pose>
		<truncated>Unspecified</truncated>
		<difficult>Unspecified</difficult>
		<bndbox>
			<xmin>7</xmin>
			<ymin>251</ymin>
			<xmax>902</xmax>
			<ymax>830</ymax>
		</bndbox>
	</object>
</annotation>