<annotation>
	<folder>my-project-name</folder>
	<filename>178.jpg</filename>
	<path>/my-project-name/178.jpg</path>
	<source>
		<database>Unspecified</database>
	</source>
	<size>
		<width>1000</width>
		<height>1000</height>
		<depth>3</depth>
	</size>


	<object>
		<name>KidsBike</name>
		<pose>Unspecified</pose>
		<truncated>Unspecified</truncated>
		<difficult>Unspecified</difficult>
		<bndbox>
			<xmin>348</xmin>
			<ymin>459</ymin>
			<xmax>651</xmax>
			<ymax>668</ymax>
		</bndbox>
	</object>
	<object>
		<name>KidsBike</name>
		<pose>Unspecified</pose>
		<truncated>Unspecified</truncated>
		<difficult>Unspecified</difficult>
		<bndbox>
			<xmin>32</xmin>
			<ymin>492</ymin>
			<xmax>424</xmax>
			<ymax>726</ymax>
		</bndbox>
	</object>
</annotation>