<annotation>
	<folder>my-project-name</folder>
	<filename>182.jpg</filename>
	<path>/my-project-name/182.jpg</path>
	<source>
		<database>Unspecified</database>
	</source>
	<size>
		<width>1000</width>
		<height>1000</height>
		<depth>3</depth>
	</size>

	<object>
		<name>KidsBike</name>
		<pose>Unspecified</pose>
		<truncated>Unspecified</truncated>
		<difficult>Unspecified</difficult>
		<bndbox>
			<xmin>618</xmin>
			<ymin>489</ymin>
			<xmax>700</xmax>
			<ymax>621</ymax>
		</bndbox>
	</object>

	<object>
		<name>KidsBike</name>
		<pose>Unspecified</pose>
		<truncated>Unspecified</truncated>
		<difficult>Unspecified</difficult>
		<bndbox>
			<xmin>415</xmin>
			<ymin>495</ymin>
			<xmax>533</xmax>
			<ymax>621</ymax>
		</bndbox>
	</object>
</annotation>