<annotation>
	<folder>my-project-name</folder>
	<filename>185.jpg</filename>
	<path>/my-project-name/185.jpg</path>
	<source>
		<database>Unspecified</database>
	</source>
	<size>
		<width>1000</width>
		<height>1000</height>
		<depth>3</depth>
	</size>


	<object>
		<name>KidsBike</name>
		<pose>Unspecified</pose>
		<truncated>Unspecified</truncated>
		<difficult>Unspecified</difficult>
		<bndbox>
			<xmin>306</xmin>
			<ymin>484</ymin>
			<xmax>498</xmax>
			<ymax>771</ymax>
		</bndbox>
	</object>
</annotation>