<annotation>
	<folder>my-project-name</folder>
	<filename>189.jpg</filename>
	<path>/my-project-name/189.jpg</path>
	<source>
		<database>Unspecified</database>
	</source>
	<size>
		<width>1000</width>
		<height>1000</height>
		<depth>3</depth>
	</size>



	<object>
		<name>KidsBike</name>
		<pose>Unspecified</pose>
		<truncated>Unspecified</truncated>
		<difficult>Unspecified</difficult>
		<bndbox>
			<xmin>443</xmin>
			<ymin>431</ymin>
			<xmax>717</xmax>
			<ymax>714</ymax>
		</bndbox>
	</object>
</annotation>