<annotation>
	<folder>my-project-name</folder>
	<filename>199.jpg</filename>
	<path>/my-project-name/199.jpg</path>
	<source>
		<database>Unspecified</database>
	</source>
	<size>
		<width>1000</width>
		<height>1000</height>
		<depth>3</depth>
	</size>


	<object>
		<name>KidsBike</name>
		<pose>Unspecified</pose>
		<truncated>Unspecified</truncated>
		<difficult>Unspecified</difficult>
		<bndbox>
			<xmin>503</xmin>
			<ymin>484</ymin>
			<xmax>757</xmax>
			<ymax>715</ymax>
		</bndbox>
	</object>

</annotation>