<annotation>
	<folder>my-project-name</folder>
	<filename>203.jpg</filename>
	<path>/my-project-name/203.jpg</path>
	<source>
		<database>Unspecified</database>
	</source>
	<size>
		<width>1000</width>
		<height>1000</height>
		<depth>3</depth>
	</size>



	<object>
		<name>KidsBike</name>
		<pose>Unspecified</pose>
		<truncated>Unspecified</truncated>
		<difficult>Unspecified</difficult>
		<bndbox>
			<xmin>502</xmin>
			<ymin>541</ymin>
			<xmax>743</xmax>
			<ymax>722</ymax>
		</bndbox>
	</object>
</annotation>