<annotation>
	<folder>my-project-name</folder>
	<filename>204.jpg</filename>
	<path>/my-project-name/204.jpg</path>
	<source>
		<database>Unspecified</database>
	</source>
	<size>
		<width>1000</width>
		<height>1000</height>
		<depth>3</depth>
	</size>
	<object>
		<name>KidsBike</name>
		<pose>Unspecified</pose>
		<truncated>Unspecified</truncated>
		<difficult>Unspecified</difficult>
		<bndbox>
			<xmin>359</xmin>
			<ymin>452</ymin>
			<xmax>799</xmax>
			<ymax>798</ymax>
		</bndbox>
	</object>
</annotation>