<annotation>
	<folder>my-project-name</folder>
	<filename>207.jpg</filename>
	<path>/my-project-name/207.jpg</path>
	<source>
		<database>Unspecified</database>
	</source>
	<size>
		<width>1000</width>
		<height>1000</height>
		<depth>3</depth>
	</size>


	<object>
		<name>KidsBike</name>
		<pose>Unspecified</pose>
		<truncated>Unspecified</truncated>
		<difficult>Unspecified</difficult>
		<bndbox>
			<xmin>597</xmin>
			<ymin>373</ymin>
			<xmax>890</xmax>
			<ymax>811</ymax>
		</bndbox>
	</object>

	<object>
		<name>KidsBike</name>
		<pose>Unspecified</pose>
		<truncated>Unspecified</truncated>
		<difficult>Unspecified</difficult>
		<bndbox>
			<xmin>365</xmin>
			<ymin>351</ymin>
			<xmax>675</xmax>
			<ymax>767</ymax>
		</bndbox>
	</object>
</annotation>