<annotation>
	<folder>my-project-name</folder>
	<filename>211.jpg</filename>
	<path>/my-project-name/211.jpg</path>
	<source>
		<database>Unspecified</database>
	</source>
	<size>
		<width>1000</width>
		<height>1000</height>
		<depth>3</depth>
	</size>

	<object>
		<name>KidsBike</name>
		<pose>Unspecified</pose>
		<truncated>Unspecified</truncated>
		<difficult>Unspecified</difficult>
		<bndbox>
			<xmin>355</xmin>
			<ymin>380</ymin>
			<xmax>679</xmax>
			<ymax>808</ymax>
		</bndbox>
	</object>
</annotation>