<annotation>
	<folder>my-project-name</folder>
	<filename>213.jpg</filename>
	<path>/my-project-name/213.jpg</path>
	<source>
		<database>Unspecified</database>
	</source>
	<size>
		<width>1000</width>
		<height>1000</height>
		<depth>3</depth>
	</size>
	<object>
		<name>KidsBike</name>
		<pose>Unspecified</pose>
		<truncated>Unspecified</truncated>
		<difficult>Unspecified</difficult>
		<bndbox>
			<xmin>-12</xmin>
			<ymin>189</ymin>
			<xmax>1019</xmax>
			<ymax>807</ymax>
		</bndbox>
	</object>
</annotation>