<annotation>
	<folder>my-project-name</folder>
	<filename>215.jpg</filename>
	<path>/my-project-name/215.jpg</path>
	<source>
		<database>Unspecified</database>
	</source>
	<size>
		<width>1000</width>
		<height>1000</height>
		<depth>3</depth>
	</size>


	<object>
		<name>KidsBike</name>
		<pose>Unspecified</pose>
		<truncated>Unspecified</truncated>
		<difficult>Unspecified</difficult>
		<bndbox>
			<xmin>395</xmin>
			<ymin>564</ymin>
			<xmax>547</xmax>
			<ymax>832</ymax>
		</bndbox>
	</object>
</annotation>