<annotation>
	<folder>my-project-name</folder>
	<filename>223.jpg</filename>
	<path>/my-project-name/223.jpg</path>
	<source>
		<database>Unspecified</database>
	</source>
	<size>
		<width>1000</width>
		<height>1000</height>
		<depth>3</depth>
	</size>


	<object>
		<name>KidsBike</name>
		<pose>Unspecified</pose>
		<truncated>Unspecified</truncated>
		<difficult>Unspecified</difficult>
		<bndbox>
			<xmin>274</xmin>
			<ymin>399</ymin>
			<xmax>538</xmax>
			<ymax>722</ymax>
		</bndbox>
	</object>
	<object>
		<name>KidsBike</name>
		<pose>Unspecified</pose>
		<truncated>Unspecified</truncated>
		<difficult>Unspecified</difficult>
		<bndbox>
			<xmin>517</xmin>
			<ymin>446</ymin>
			<xmax>693</xmax>
			<ymax>756</ymax>
		</bndbox>
	</object>
</annotation>