<annotation>
	<folder>my-project-name</folder>
	<filename>228.jpg</filename>
	<path>/my-project-name/228.jpg</path>
	<source>
		<database>Unspecified</database>
	</source>
	<size>
		<width>1000</width>
		<height>1000</height>
		<depth>3</depth>
	</size>


	<object>
		<name>KidsBike</name>
		<pose>Unspecified</pose>
		<truncated>Unspecified</truncated>
		<difficult>Unspecified</difficult>
		<bndbox>
			<xmin>332</xmin>
			<ymin>477</ymin>
			<xmax>635</xmax>
			<ymax>687</ymax>
		</bndbox>
	</object>
</annotation>