<annotation>
	<folder>my-project-name</folder>
	<filename>231.jpg</filename>
	<path>/my-project-name/231.jpg</path>
	<source>
		<database>Unspecified</database>
	</source>
	<size>
		<width>1000</width>
		<height>1000</height>
		<depth>3</depth>
	</size>
	<object>
		<name>KidsBike</name>
		<pose>Unspecified</pose>
		<truncated>Unspecified</truncated>
		<difficult>Unspecified</difficult>
		<bndbox>
			<xmin>-8</xmin>
			<ymin>196</ymin>
			<xmax>1014</xmax>
			<ymax>812</ymax>
		</bndbox>
	</object>
</annotation>