<annotation>
	<folder>my-project-name</folder>
	<filename>236.jpg</filename>
	<path>/my-project-name/236.jpg</path>
	<source>
		<database>Unspecified</database>
	</source>
	<size>
		<width>1000</width>
		<height>1000</height>
		<depth>3</depth>
	</size>
	<object>
		<name>KidsBike</name>
		<pose>Unspecified</pose>
		<truncated>Unspecified</truncated>
		<difficult>Unspecified</difficult>
		<bndbox>
			<xmin>58</xmin>
			<ymin>179</ymin>
			<xmax>941</xmax>
			<ymax>751</ymax>
		</bndbox>
	</object>
</annotation>