<annotation>
	<folder>my-project-name</folder>
	<filename>237.jpg</filename>
	<path>/my-project-name/237.jpg</path>
	<source>
		<database>Unspecified</database>
	</source>
	<size>
		<width>1000</width>
		<height>1000</height>
		<depth>3</depth>
	</size>
	<object>
		<name>KidsBike</name>
		<pose>Unspecified</pose>
		<truncated>Unspecified</truncated>
		<difficult>Unspecified</difficult>
		<bndbox>
			<xmin>222</xmin>
			<ymin>338</ymin>
			<xmax>1000</xmax>
			<ymax>1000</ymax>
		</bndbox>
	</object>
</annotation>