<annotation>
	<folder>my-project-name</folder>
	<filename>238.jpg</filename>
	<path>/my-project-name/238.jpg</path>
	<source>
		<database>Unspecified</database>
	</source>
	<size>
		<width>1000</width>
		<height>1000</height>
		<depth>3</depth>
	</size>

	<object>
		<name>KidsBike</name>
		<pose>Unspecified</pose>
		<truncated>Unspecified</truncated>
		<difficult>Unspecified</difficult>
		<bndbox>
			<xmin>244</xmin>
			<ymin>408</ymin>
			<xmax>842</xmax>
			<ymax>965</ymax>
		</bndbox>
	</object>
</annotation>