<annotation>
	<folder>my-project-name</folder>
	<filename>239.jpg</filename>
	<path>/my-project-name/239.jpg</path>
	<source>
		<database>Unspecified</database>
	</source>
	<size>
		<width>1000</width>
		<height>1000</height>
		<depth>3</depth>
	</size>

	<object>
		<name>KidsBike</name>
		<pose>Unspecified</pose>
		<truncated>Unspecified</truncated>
		<difficult>Unspecified</difficult>
		<bndbox>
			<xmin>293</xmin>
			<ymin>553</ymin>
			<xmax>631</xmax>
			<ymax>793</ymax>
		</bndbox>
	</object>

</annotation>