<annotation>
	<folder>my-project-name</folder>
	<filename>243.jpg</filename>
	<path>/my-project-name/243.jpg</path>
	<source>
		<database>Unspecified</database>
	</source>
	<size>
		<width>1000</width>
		<height>1000</height>
		<depth>3</depth>
	</size>

	<object>
		<name>KidsBike</name>
		<pose>Unspecified</pose>
		<truncated>Unspecified</truncated>
		<difficult>Unspecified</difficult>
		<bndbox>
			<xmin>457</xmin>
			<ymin>432</ymin>
			<xmax>728</xmax>
			<ymax>654</ymax>
		</bndbox>
	</object>
</annotation>