<annotation>
	<folder>my-project-name</folder>
	<filename>248.jpg</filename>
	<path>/my-project-name/248.jpg</path>
	<source>
		<database>Unspecified</database>
	</source>
	<size>
		<width>1000</width>
		<height>1000</height>
		<depth>3</depth>
	</size>



	<object>
		<name>KidsBike</name>
		<pose>Unspecified</pose>
		<truncated>Unspecified</truncated>
		<difficult>Unspecified</difficult>
		<bndbox>
			<xmin>551</xmin>
			<ymin>537</ymin>
			<xmax>669</xmax>
			<ymax>694</ymax>
		</bndbox>
	</object>
</annotation>