<annotation>
	<folder>my-project-name</folder>
	<filename>250.jpg</filename>
	<path>/my-project-name/250.jpg</path>
	<source>
		<database>Unspecified</database>
	</source>
	<size>
		<width>1000</width>
		<height>1000</height>
		<depth>3</depth>
	</size>

	<object>
		<name>KidsBike</name>
		<pose>Unspecified</pose>
		<truncated>Unspecified</truncated>
		<difficult>Unspecified</difficult>
		<bndbox>
			<xmin>203</xmin>
			<ymin>413</ymin>
			<xmax>737</xmax>
			<ymax>726</ymax>
		</bndbox>
	</object>
</annotation>