<annotation>
	<folder>my-project-name</folder>
	<filename>251.jpg</filename>
	<path>/my-project-name/251.jpg</path>
	<source>
		<database>Unspecified</database>
	</source>
	<size>
		<width>1000</width>
		<height>1000</height>
		<depth>3</depth>
	</size>



	<object>
		<name>KidsBike</name>
		<pose>Unspecified</pose>
		<truncated>Unspecified</truncated>
		<difficult>Unspecified</difficult>
		<bndbox>
			<xmin>234</xmin>
			<ymin>452</ymin>
			<xmax>412</xmax>
			<ymax>682</ymax>
		</bndbox>
	</object>
</annotation>