<annotation>
	<folder>my-project-name</folder>
	<filename>252.jpg</filename>
	<path>/my-project-name/252.jpg</path>
	<source>
		<database>Unspecified</database>
	</source>
	<size>
		<width>1000</width>
		<height>1000</height>
		<depth>3</depth>
	</size>

	<object>
		<name>KidsBike</name>
		<pose>Unspecified</pose>
		<truncated>Unspecified</truncated>
		<difficult>Unspecified</difficult>
		<bndbox>
			<xmin>415</xmin>
			<ymin>475</ymin>
			<xmax>614</xmax>
			<ymax>745</ymax>
		</bndbox>
	</object>

	<object>
		<name>KidsBike</name>
		<pose>Unspecified</pose>
		<truncated>Unspecified</truncated>
		<difficult>Unspecified</difficult>
		<bndbox>
			<xmin>35</xmin>
			<ymin>508</ymin>
			<xmax>167</xmax>
			<ymax>710</ymax>
		</bndbox>
	</object>
	<object>
		<name>KidsBike</name>
		<pose>Unspecified</pose>
		<truncated>Unspecified</truncated>
		<difficult>Unspecified</difficult>
		<bndbox>
			<xmin>245</xmin>
			<ymin>511</ymin>
			<xmax>376</xmax>
			<ymax>707</ymax>
		</bndbox>
	</object>
</annotation>