<annotation>
	<folder>my-project-name</folder>
	<filename>256.jpg</filename>
	<path>/my-project-name/256.jpg</path>
	<source>
		<database>Unspecified</database>
	</source>
	<size>
		<width>1000</width>
		<height>667</height>
		<depth>3</depth>
	</size>


	<object>
		<name>KidsBike</name>
		<pose>Unspecified</pose>
		<truncated>Unspecified</truncated>
		<difficult>Unspecified</difficult>
		<bndbox>
			<xmin>375</xmin>
			<ymin>361</ymin>
			<xmax>510</xmax>
			<ymax>591</ymax>
		</bndbox>
	</object>
</annotation>