<annotation>
	<folder>my-project-name</folder>
	<filename>259.jpg</filename>
	<path>/my-project-name/259.jpg</path>
	<source>
		<database>Unspecified</database>
	</source>
	<size>
		<width>1000</width>
		<height>1000</height>
		<depth>3</depth>
	</size>


	<object>
		<name>KidsBike</name>
		<pose>Unspecified</pose>
		<truncated>Unspecified</truncated>
		<difficult>Unspecified</difficult>
		<bndbox>
			<xmin>532</xmin>
			<ymin>407</ymin>
			<xmax>797</xmax>
			<ymax>813</ymax>
		</bndbox>
	</object>
	<object>
		<name>KidsBike</name>
		<pose>Unspecified</pose>
		<truncated>Unspecified</truncated>
		<difficult>Unspecified</difficult>
		<bndbox>
			<xmin>126</xmin>
			<ymin>367</ymin>
			<xmax>360</xmax>
			<ymax>710</ymax>
		</bndbox>
	</object>
</annotation>