<annotation>
	<folder>my-project-name</folder>
	<filename>265.jpg</filename>
	<path>/my-project-name/265.jpg</path>
	<source>
		<database>Unspecified</database>
	</source>
	<size>
		<width>1000</width>
		<height>1000</height>
		<depth>3</depth>
	</size>

	<object>
		<name>KidsBike</name>
		<pose>Unspecified</pose>
		<truncated>Unspecified</truncated>
		<difficult>Unspecified</difficult>
		<bndbox>
			<xmin>376</xmin>
			<ymin>470</ymin>
			<xmax>751</xmax>
			<ymax>783</ymax>
		</bndbox>
	</object>

	<object>
		<name>KidsBike</name>
		<pose>Unspecified</pose>
		<truncated>Unspecified</truncated>
		<difficult>Unspecified</difficult>
		<bndbox>
			<xmin>189</xmin>
			<ymin>437</ymin>
			<xmax>457</xmax>
			<ymax>731</ymax>
		</bndbox>
	</object>
</annotation>