<annotation>
	<folder>my-project-name</folder>
	<filename>268.jpg</filename>
	<path>/my-project-name/268.jpg</path>
	<source>
		<database>Unspecified</database>
	</source>
	<size>
		<width>1000</width>
		<height>1000</height>
		<depth>3</depth>
	</size>




	<object>
		<name>KidsBike</name>
		<pose>Unspecified</pose>
		<truncated>Unspecified</truncated>
		<difficult>Unspecified</difficult>
		<bndbox>
			<xmin>454</xmin>
			<ymin>576</ymin>
			<xmax>583</xmax>
			<ymax>792</ymax>
		</bndbox>
	</object>
	<object>
		<name>KidsBike</name>
		<pose>Unspecified</pose>
		<truncated>Unspecified</truncated>
		<difficult>Unspecified</difficult>
		<bndbox>
			<xmin>603</xmin>
			<ymin>649</ymin>
			<xmax>745</xmax>
			<ymax>844</ymax>
		</bndbox>
	</object>
</annotation>