<annotation>
	<folder>my-project-name</folder>
	<filename>269.jpg</filename>
	<path>/my-project-name/269.jpg</path>
	<source>
		<database>Unspecified</database>
	</source>
	<size>
		<width>1000</width>
		<height>1000</height>
		<depth>3</depth>
	</size>


	<object>
		<name>KidsBike</name>
		<pose>Unspecified</pose>
		<truncated>Unspecified</truncated>
		<difficult>Unspecified</difficult>
		<bndbox>
			<xmin>540</xmin>
			<ymin>435</ymin>
			<xmax>843</xmax>
			<ymax>749</ymax>
		</bndbox>
	</object>
</annotation>