<annotation>
	<folder>my-project-name</folder>
	<filename>10.jpg</filename>
	<path>/my-project-name/10.jpg</path>
	<source>
		<database>Unspecified</database>
	</source>
	<size>
		<width>1000</width>
		<height>1000</height>
		<depth>3</depth>
	</size>

	<object>
		<name>RoadBike</name>
		<pose>Unspecified</pose>
		<truncated>Unspecified</truncated>
		<difficult>Unspecified</difficult>
		<bndbox>
			<xmin>194</xmin>
			<ymin>520</ymin>
			<xmax>575</xmax>
			<ymax>758</ymax>
		</bndbox>
	</object>
</annotation>