<annotation>
	<folder>my-project-name</folder>
	<filename>13.jpg</filename>
	<path>/my-project-name/13.jpg</path>
	<source>
		<database>Unspecified</database>
	</source>
	<size>
		<width>1000</width>
		<height>1000</height>
		<depth>3</depth>
	</size>



	<object>
		<name>RoadBike</name>
		<pose>Unspecified</pose>
		<truncated>Unspecified</truncated>
		<difficult>Unspecified</difficult>
		<bndbox>
			<xmin>724</xmin>
			<ymin>537</ymin>
			<xmax>888</xmax>
			<ymax>685</ymax>
		</bndbox>
	</object>
	<object>
		<name>RoadBike</name>
		<pose>Unspecified</pose>
		<truncated>Unspecified</truncated>
		<difficult>Unspecified</difficult>
		<bndbox>
			<xmin>571</xmin>
			<ymin>542</ymin>
			<xmax>709</xmax>
			<ymax>693</ymax>
		</bndbox>
	</object>
	<object>
		<name>RoadBike</name>
		<pose>Unspecified</pose>
		<truncated>Unspecified</truncated>
		<difficult>Unspecified</difficult>
		<bndbox>
			<xmin>421</xmin>
			<ymin>500</ymin>
			<xmax>535</xmax>
			<ymax>612</ymax>
		</bndbox>
	</object>
</annotation>