<annotation>
	<folder>my-project-name</folder>
	<filename>14.jpg</filename>
	<path>/my-project-name/14.jpg</path>
	<source>
		<database>Unspecified</database>
	</source>
	<size>
		<width>1000</width>
		<height>1000</height>
		<depth>3</depth>
	</size>


	<object>
		<name>RoadBike</name>
		<pose>Unspecified</pose>
		<truncated>Unspecified</truncated>
		<difficult>Unspecified</difficult>
		<bndbox>
			<xmin>584</xmin>
			<ymin>560</ymin>
			<xmax>653</xmax>
			<ymax>694</ymax>
		</bndbox>
	</object>
	<object>
		<name>RoadBike</name>
		<pose>Unspecified</pose>
		<truncated>Unspecified</truncated>
		<difficult>Unspecified</difficult>
		<bndbox>
			<xmin>682</xmin>
			<ymin>557</ymin>
			<xmax>753</xmax>
			<ymax>692</ymax>
		</bndbox>
	</object>
</annotation>