<annotation>
	<folder>my-project-name</folder>
	<filename>15.jpg</filename>
	<path>/my-project-name/15.jpg</path>
	<source>
		<database>Unspecified</database>
	</source>
	<size>
		<width>1000</width>
		<height>1000</height>
		<depth>3</depth>
	</size>


	<object>
		<name>RoadBike</name>
		<pose>Unspecified</pose>
		<truncated>Unspecified</truncated>
		<difficult>Unspecified</difficult>
		<bndbox>
			<xmin>731</xmin>
			<ymin>610</ymin>
			<xmax>776</xmax>
			<ymax>727</ymax>
		</bndbox>
	</object>
</annotation>