<annotation>
	<folder>my-project-name</folder>
	<filename>2.jpg</filename>
	<path>/my-project-name/2.jpg</path>
	<source>
		<database>Unspecified</database>
	</source>
	<size>
		<width>1000</width>
		<height>1000</height>
		<depth>3</depth>
	</size>

	<object>
		<name>RoadBike</name>
		<pose>Unspecified</pose>
		<truncated>Unspecified</truncated>
		<difficult>Unspecified</difficult>
		<bndbox>
			<xmin>578</xmin>
			<ymin>550</ymin>
			<xmax>794</xmax>
			<ymax>733</ymax>
		</bndbox>
	</object>


	<object>
		<name>RoadBike</name>
		<pose>Unspecified</pose>
		<truncated>Unspecified</truncated>
		<difficult>Unspecified</difficult>
		<bndbox>
			<xmin>286</xmin>
			<ymin>529</ymin>
			<xmax>463</xmax>
			<ymax>691</ymax>
		</bndbox>
	</object>
	<object>
		<name>RoadBike</name>
		<pose>Unspecified</pose>
		<truncated>Unspecified</truncated>
		<difficult>Unspecified</difficult>
		<bndbox>
			<xmin>413</xmin>
			<ymin>511</ymin>
			<xmax>575</xmax>
			<ymax>642</ymax>
		</bndbox>
	</object>
</annotation>