<annotation>
	<folder>my-project-name</folder>
	<filename>20.jpg</filename>
	<path>/my-project-name/20.jpg</path>
	<source>
		<database>Unspecified</database>
	</source>
	<size>
		<width>1000</width>
		<height>1000</height>
		<depth>3</depth>
	</size>

	<object>
		<name>RoadBike</name>
		<pose>Unspecified</pose>
		<truncated>Unspecified</truncated>
		<difficult>Unspecified</difficult>
		<bndbox>
			<xmin>238</xmin>
			<ymin>495</ymin>
			<xmax>554</xmax>
			<ymax>750</ymax>
		</bndbox>
	</object>
</annotation>