<annotation>
	<folder>my-project-name</folder>
	<filename>38.jpg</filename>
	<path>/my-project-name/38.jpg</path>
	<source>
		<database>Unspecified</database>
	</source>
	<size>
		<width>1000</width>
		<height>1000</height>
		<depth>3</depth>
	</size>

	<object>
		<name>RoadBike</name>
		<pose>Unspecified</pose>
		<truncated>Unspecified</truncated>
		<difficult>Unspecified</difficult>
		<bndbox>
			<xmin>506</xmin>
			<ymin>467</ymin>
			<xmax>962</xmax>
			<ymax>723</ymax>
		</bndbox>
	</object>

	<object>
		<name>RoadBike</name>
		<pose>Unspecified</pose>
		<truncated>Unspecified</truncated>
		<difficult>Unspecified</difficult>
		<bndbox>
			<xmin>294</xmin>
			<ymin>412</ymin>
			<xmax>613</xmax>
			<ymax>656</ymax>
		</bndbox>
	</object>
</annotation>