<annotation>
	<folder>my-project-name</folder>
	<filename>4.jpg</filename>
	<path>/my-project-name/4.jpg</path>
	<source>
		<database>Unspecified</database>
	</source>
	<size>
		<width>1000</width>
		<height>1000</height>
		<depth>3</depth>
	</size>


	<object>
		<name>RoadBike</name>
		<pose>Unspecified</pose>
		<truncated>Unspecified</truncated>
		<difficult>Unspecified</difficult>
		<bndbox>
			<xmin>461</xmin>
			<ymin>455</ymin>
			<xmax>731</xmax>
			<ymax>647</ymax>
		</bndbox>
	</object>
	<object>
		<name>RoadBike</name>
		<pose>Unspecified</pose>
		<truncated>Unspecified</truncated>
		<difficult>Unspecified</difficult>
		<bndbox>
			<xmin>278</xmin>
			<ymin>467</ymin>
			<xmax>574</xmax>
			<ymax>671</ymax>
		</bndbox>
	</object>
</annotation>