<annotation>
	<folder>my-project-name</folder>
	<filename>40.jpg</filename>
	<path>/my-project-name/40.jpg</path>
	<source>
		<database>Unspecified</database>
	</source>
	<size>
		<width>1000</width>
		<height>1000</height>
		<depth>3</depth>
	</size>



	<object>
		<name>RoadBike</name>
		<pose>Unspecified</pose>
		<truncated>Unspecified</truncated>
		<difficult>Unspecified</difficult>
		<bndbox>
			<xmin>424</xmin>
			<ymin>499</ymin>
			<xmax>523</xmax>
			<ymax>606</ymax>
		</bndbox>
	</object>
	<object>
		<name>RoadBike</name>
		<pose>Unspecified</pose>
		<truncated>Unspecified</truncated>
		<difficult>Unspecified</difficult>
		<bndbox>
			<xmin>571</xmin>
			<ymin>550</ymin>
			<xmax>714</xmax>
			<ymax>675</ymax>
		</bndbox>
	</object>
	<object>
		<name>RoadBike</name>
		<pose>Unspecified</pose>
		<truncated>Unspecified</truncated>
		<difficult>Unspecified</difficult>
		<bndbox>
			<xmin>719</xmin>
			<ymin>539</ymin>
			<xmax>892</xmax>
			<ymax>674</ymax>
		</bndbox>
	</object>
</annotation>