<annotation>
	<folder>my-project-name</folder>
	<filename>42.jpg</filename>
	<path>/my-project-name/42.jpg</path>
	<source>
		<database>Unspecified</database>
	</source>
	<size>
		<width>1000</width>
		<height>1000</height>
		<depth>3</depth>
	</size>


	<object>
		<name>RoadBike</name>
		<pose>Unspecified</pose>
		<truncated>Unspecified</truncated>
		<difficult>Unspecified</difficult>
		<bndbox>
			<xmin>511</xmin>
			<ymin>571</ymin>
			<xmax>584</xmax>
			<ymax>735</ymax>
		</bndbox>
	</object>
	<object>
		<name>RoadBike</name>
		<pose>Unspecified</pose>
		<truncated>Unspecified</truncated>
		<difficult>Unspecified</difficult>
		<bndbox>
			<xmin>619</xmin>
			<ymin>567</ymin>
			<xmax>680</xmax>
			<ymax>692</ymax>
		</bndbox>
	</object>
</annotation>