<annotation>
	<folder>my-project-name</folder>
	<filename>44.jpg</filename>
	<path>/my-project-name/44.jpg</path>
	<source>
		<database>Unspecified</database>
	</source>
	<size>
		<width>1000</width>
		<height>1000</height>
		<depth>3</depth>
	</size>


	<object>
		<name>RoadBike</name>
		<pose>Unspecified</pose>
		<truncated>Unspecified</truncated>
		<difficult>Unspecified</difficult>
		<bndbox>
			<xmin>350</xmin>
			<ymin>509</ymin>
			<xmax>642</xmax>
			<ymax>773</ymax>
		</bndbox>
	</object>
	<object>
		<name>RoadBike</name>
		<pose>Unspecified</pose>
		<truncated>Unspecified</truncated>
		<difficult>Unspecified</difficult>
		<bndbox>
			<xmin>120</xmin>
			<ymin>480</ymin>
			<xmax>371</xmax>
			<ymax>770</ymax>
		</bndbox>
	</object>
</annotation>