<annotation>
	<folder>my-project-name</folder>
	<filename>47.jpg</filename>
	<path>/my-project-name/47.jpg</path>
	<source>
		<database>Unspecified</database>
	</source>
	<size>
		<width>1000</width>
		<height>1000</height>
		<depth>3</depth>
	</size>

	<object>
		<name>RoadBike</name>
		<pose>Unspecified</pose>
		<truncated>Unspecified</truncated>
		<difficult>Unspecified</difficult>
		<bndbox>
			<xmin>322</xmin>
			<ymin>368</ymin>
			<xmax>658</xmax>
			<ymax>807</ymax>
		</bndbox>
	</object>

	<object>
		<name>RoadBike</name>
		<pose>Unspecified</pose>
		<truncated>Unspecified</truncated>
		<difficult>Unspecified</difficult>
		<bndbox>
			<xmin>32</xmin>
			<ymin>550</ymin>
			<xmax>164</xmax>
			<ymax>770</ymax>
		</bndbox>
	</object>
</annotation>