<annotation>
	<folder>my-project-name</folder>
	<filename>48.jpg</filename>
	<path>/my-project-name/48.jpg</path>
	<source>
		<database>Unspecified</database>
	</source>
	<size>
		<width>1000</width>
		<height>1000</height>
		<depth>3</depth>
	</size>


	<object>
		<name>RoadBike</name>
		<pose>Unspecified</pose>
		<truncated>Unspecified</truncated>
		<difficult>Unspecified</difficult>
		<bndbox>
			<xmin>604</xmin>
			<ymin>530</ymin>
			<xmax>820</xmax>
			<ymax>794</ymax>
		</bndbox>
	</object>
	<object>
		<name>RoadBike</name>
		<pose>Unspecified</pose>
		<truncated>Unspecified</truncated>
		<difficult>Unspecified</difficult>
		<bndbox>
			<xmin>345</xmin>
			<ymin>498</ymin>
			<xmax>405</xmax>
			<ymax>610</ymax>
		</bndbox>
	</object>
</annotation>