<annotation>
	<folder>my-project-name</folder>
	<filename>5.jpg</filename>
	<path>/my-project-name/5.jpg</path>
	<source>
		<database>Unspecified</database>
	</source>
	<size>
		<width>1000</width>
		<height>1000</height>
		<depth>3</depth>
	</size>

	<object>
		<name>RoadBike</name>
		<pose>Unspecified</pose>
		<truncated>Unspecified</truncated>
		<difficult>Unspecified</difficult>
		<bndbox>
			<xmin>104</xmin>
			<ymin>599</ymin>
			<xmax>951</xmax>
			<ymax>829</ymax>
		</bndbox>
	</object>
</annotation>