<annotation>
	<folder>my-project-name</folder>
	<filename>50.jpg</filename>
	<path>/my-project-name/50.jpg</path>
	<source>
		<database>Unspecified</database>
	</source>
	<size>
		<width>1000</width>
		<height>1000</height>
		<depth>3</depth>
	</size>
	<object>
		<name>RoadBike</name>
		<pose>Unspecified</pose>
		<truncated>Unspecified</truncated>
		<difficult>Unspecified</difficult>
		<bndbox>
			<xmin>115</xmin>
			<ymin>156</ymin>
			<xmax>889</xmax>
			<ymax>883</ymax>
		</bndbox>
	</object>
</annotation>