<annotation>
	<folder>my-project-name</folder>
	<filename>54.jpg</filename>
	<path>/my-project-name/54.jpg</path>
	<source>
		<database>Unspecified</database>
	</source>
	<size>
		<width>1000</width>
		<height>1000</height>
		<depth>3</depth>
	</size>
	<object>
		<name>RoadBike</name>
		<pose>Unspecified</pose>
		<truncated>Unspecified</truncated>
		<difficult>Unspecified</difficult>
		<bndbox>
			<xmin>328</xmin>
			<ymin>441</ymin>
			<xmax>684</xmax>
			<ymax>666</ymax>
		</bndbox>
	</object>
	<object>
		<name>RoadBike</name>
		<pose>Unspecified</pose>
		<truncated>Unspecified</truncated>
		<difficult>Unspecified</difficult>
		<bndbox>
			<xmin>59</xmin>
			<ymin>424</ymin>
			<xmax>347</xmax>
			<ymax>616</ymax>
		</bndbox>
	</object>
	<object>
		<name>RoadBike</name>
		<pose>Unspecified</pose>
		<truncated>Unspecified</truncated>
		<difficult>Unspecified</difficult>
		<bndbox>
			<xmin>680</xmin>
			<ymin>423</ymin>
			<xmax>962</xmax>
			<ymax>617</ymax>
		</bndbox>
	</object>
</annotation>