<annotation>
	<folder>my-project-name</folder>
	<filename>58.jpg</filename>
	<path>/my-project-name/58.jpg</path>
	<source>
		<database>Unspecified</database>
	</source>
	<size>
		<width>1000</width>
		<height>1000</height>
		<depth>3</depth>
	</size>
	<object>
		<name>Kids_bicycle</name>
		<pose>Unspecified</pose>
		<truncated>Unspecified</truncated>
		<difficult>Unspecified</difficult>
		<bndbox>
			<xmin>-11</xmin>
			<ymin>182</ymin>
			<xmax>1021</xmax>
			<ymax>808</ymax>
		</bndbox>
	</object>

</annotation>