<annotation>
	<folder>my-project-name</folder>
	<filename>65.jpg</filename>
	<path>/my-project-name/65.jpg</path>
	<source>
		<database>Unspecified</database>
	</source>
	<size>
		<width>1000</width>
		<height>1000</height>
		<depth>3</depth>
	</size>
	<object>
		<name>Kids_bicycle</name>
		<pose>Unspecified</pose>
		<truncated>Unspecified</truncated>
		<difficult>Unspecified</difficult>
		<bndbox>
			<xmin>38</xmin>
			<ymin>7</ymin>
			<xmax>985</xmax>
			<ymax>986</ymax>
		</bndbox>
	</object>
</annotation>