<annotation>
	<folder>my-project-name</folder>
	<filename>72.jpg</filename>
	<path>/my-project-name/72.jpg</path>
	<source>
		<database>Unspecified</database>
	</source>
	<size>
		<width>1000</width>
		<height>1000</height>
		<depth>3</depth>
	</size>
	<object>
		<name>Kids_bicycle</name>
		<pose>Unspecified</pose>
		<truncated>Unspecified</truncated>
		<difficult>Unspecified</difficult>
		<bndbox>
			<xmin>59</xmin>
			<ymin>186</ymin>
			<xmax>922</xmax>
			<ymax>801</ymax>
		</bndbox>
	</object>
</annotation>