<annotation>
	<folder>my-project-name</folder>
	<filename>78.jpg</filename>
	<path>/my-project-name/78.jpg</path>
	<source>
		<database>Unspecified</database>
	</source>
	<size>
		<width>1000</width>
		<height>1000</height>
		<depth>3</depth>
	</size>
	<object>
		<name>Kids_bicycle</name>
		<pose>Unspecified</pose>
		<truncated>Unspecified</truncated>
		<difficult>Unspecified</difficult>
		<bndbox>
			<xmin>81</xmin>
			<ymin>168</ymin>
			<xmax>935</xmax>
			<ymax>793</ymax>
		</bndbox>
	</object>

</annotation>