<annotation>
	<folder>my-project-name</folder>
	<filename>83.jpg</filename>
	<path>/my-project-name/83.jpg</path>
	<source>
		<database>Unspecified</database>
	</source>
	<size>
		<width>1000</width>
		<height>1000</height>
		<depth>3</depth>
	</size>
	<object>
		<name>Kids_bicycle</name>
		<pose>Unspecified</pose>
		<truncated>Unspecified</truncated>
		<difficult>Unspecified</difficult>
		<bndbox>
			<xmin>59</xmin>
			<ymin>114</ymin>
			<xmax>944</xmax>
			<ymax>989</ymax>
		</bndbox>
	</object>
</annotation>