<annotation>
	<folder>my-project-name</folder>
	<filename>84.jpg</filename>
	<path>/my-project-name/84.jpg</path>
	<source>
		<database>Unspecified</database>
	</source>
	<size>
		<width>1000</width>
		<height>1000</height>
		<depth>3</depth>
	</size>
	<object>
		<name>Kids_bicycle</name>
		<pose>Unspecified</pose>
		<truncated>Unspecified</truncated>
		<difficult>Unspecified</difficult>
		<bndbox>
			<xmin>70</xmin>
			<ymin>238</ymin>
			<xmax>926</xmax>
			<ymax>761</ymax>
		</bndbox>
	</object>
</annotation>