<annotation>
	<folder>my-project-name</folder>
	<filename>92.jpg</filename>
	<path>/my-project-name/92.jpg</path>
	<source>
		<database>Unspecified</database>
	</source>
	<size>
		<width>1000</width>
		<height>1000</height>
		<depth>3</depth>
	</size>
	<object>
		<name>Kids_bicycle</name>
		<pose>Unspecified</pose>
		<truncated>Unspecified</truncated>
		<difficult>Unspecified</difficult>
		<bndbox>
			<xmin>79</xmin>
			<ymin>232</ymin>
			<xmax>927</xmax>
			<ymax>776</ymax>
		</bndbox>
	</object>
</annotation>